,Feature_Map,Data_Type,PCA_Components,Accuracy_Score,n_fold,fold_index,Used_Metamorphic,Apply_Scalar_value,Scalar_Value,Apply_Rotation_Angle,Angle_Rotation,Apply_Permutation,Invert_Labels,Apply_Perturb_Noise,Perturb_Noise,Modify_Circuit_Depth,adding_Additional_Feature,Adding_Additional_Data_Point,Date_And_Time
0,Amplitude Embedding,Wine Data,13,1,16,0,FALSE,FALSE,1,FALSE,0,FALSE,FALSE,FALSE,0,FALSE,FALSE,FALSE,3/2/25 4:17
1,Amplitude Embedding,Wine Data,13,1,16,1,FALSE,FALSE,1,FALSE,0,FALSE,FALSE,FALSE,0,FALSE,FALSE,FALSE,3/2/25 4:18
2,Amplitude Embedding,Wine Data,13,0.8181818181818182,16,2,FALSE,FALSE,1,FALSE,0,FALSE,FALSE,FALSE,0,FALSE,FALSE,FALSE,3/2/25 4:19
3,Amplitude Embedding,Wine Data,13,1,16,3,FALSE,FALSE,1,FALSE,0,FALSE,FALSE,FALSE,0,FALSE,FALSE,FALSE,3/2/25 4:20
4,Amplitude Embedding,Wine Data,13,0.9090909090909091,16,4,FALSE,FALSE,1,FALSE,0,FALSE,FALSE,FALSE,0,FALSE,FALSE,FALSE,3/2/25 4:21
5,Amplitude Embedding,Wine Data,13,1,16,5,FALSE,FALSE,1,FALSE,0,FALSE,FALSE,FALSE,0,FALSE,FALSE,FALSE,3/2/25 4:22
6,Amplitude Embedding,Wine Data,13,0.9090909090909091,16,6,FALSE,FALSE,1,FALSE,0,FALSE,FALSE,FALSE,0,FALSE,FALSE,FALSE,3/2/25 4:23
7,Amplitude Embedding,Wine Data,13,1,16,7,FALSE,FALSE,1,FALSE,0,FALSE,FALSE,FALSE,0,FALSE,FALSE,FALSE,3/2/25 4:24
8,Amplitude Embedding,Wine Data,13,1,16,8,FALSE,FALSE,1,FALSE,0,FALSE,FALSE,FALSE,0,FALSE,FALSE,FALSE,3/2/25 4:25
9,Amplitude Embedding,Wine Data,13,0.9090909090909091,16,9,FALSE,FALSE,1,FALSE,0,FALSE,FALSE,FALSE,0,FALSE,FALSE,FALSE,3/2/25 4:26
10,Amplitude Embedding,Wine Data,13,1,16,10,FALSE,FALSE,1,FALSE,0,FALSE,FALSE,FALSE,0,FALSE,FALSE,FALSE,3/2/25 4:27
11,Amplitude Embedding,Wine Data,13,0.9090909090909091,16,11,FALSE,FALSE,1,FALSE,0,FALSE,FALSE,FALSE,0,FALSE,FALSE,FALSE,3/2/25 4:28
12,Amplitude Embedding,Wine Data,13,1,16,12,FALSE,FALSE,1,FALSE,0,FALSE,FALSE,FALSE,0,FALSE,FALSE,FALSE,3/2/25 4:29
13,Amplitude Embedding,Wine Data,13,1,16,13,FALSE,FALSE,1,FALSE,0,FALSE,FALSE,FALSE,0,FALSE,FALSE,FALSE,3/2/25 4:30
14,Amplitude Embedding,Wine Data,13,0.9090909090909091,16,14,FALSE,FALSE,1,FALSE,0,FALSE,FALSE,FALSE,0,FALSE,FALSE,FALSE,3/2/25 4:31
15,Amplitude Embedding,Wine Data,13,1,16,15,FALSE,FALSE,1,FALSE,0,FALSE,FALSE,FALSE,0,FALSE,FALSE,FALSE,3/2/25 4:32
16,Amplitude Embedding,Wine Data,13,1,16,0,TRUE,TRUE,2,FALSE,0,FALSE,FALSE,FALSE,0,FALSE,FALSE,FALSE,3/2/25 4:33
17,Amplitude Embedding,Wine Data,13,1,16,1,TRUE,TRUE,2,FALSE,0,FALSE,FALSE,FALSE,0,FALSE,FALSE,FALSE,3/2/25 4:49
18,Amplitude Embedding,Wine Data,13,0.8181818181818182,16,2,TRUE,TRUE,2,FALSE,0,FALSE,FALSE,FALSE,0,FALSE,FALSE,FALSE,3/2/25 4:50
19,Amplitude Embedding,Wine Data,13,1,16,3,TRUE,TRUE,2,FALSE,0,FALSE,FALSE,FALSE,0,FALSE,FALSE,FALSE,3/2/25 4:51
20,Amplitude Embedding,Wine Data,13,0.9090909090909091,16,4,TRUE,TRUE,2,FALSE,0,FALSE,FALSE,FALSE,0,FALSE,FALSE,FALSE,3/2/25 4:52
21,Amplitude Embedding,Wine Data,13,1,16,5,TRUE,TRUE,2,FALSE,0,FALSE,FALSE,FALSE,0,FALSE,FALSE,FALSE,3/2/25 4:53
22,Amplitude Embedding,Wine Data,13,0.9090909090909091,16,6,TRUE,TRUE,2,FALSE,0,FALSE,FALSE,FALSE,0,FALSE,FALSE,FALSE,3/2/25 4:54
23,Amplitude Embedding,Wine Data,13,1,16,7,TRUE,TRUE,2,FALSE,0,FALSE,FALSE,FALSE,0,FALSE,FALSE,FALSE,3/2/25 4:55
24,Amplitude Embedding,Wine Data,13,1,16,8,TRUE,TRUE,2,FALSE,0,FALSE,FALSE,FALSE,0,FALSE,FALSE,FALSE,3/2/25 4:56
25,Amplitude Embedding,Wine Data,13,0.9090909090909091,16,9,TRUE,TRUE,2,FALSE,0,FALSE,FALSE,FALSE,0,FALSE,FALSE,FALSE,3/2/25 4:57
26,Amplitude Embedding,Wine Data,13,1,16,10,TRUE,TRUE,2,FALSE,0,FALSE,FALSE,FALSE,0,FALSE,FALSE,FALSE,3/2/25 4:58
27,Amplitude Embedding,Wine Data,13,0.9090909090909091,16,11,TRUE,TRUE,2,FALSE,0,FALSE,FALSE,FALSE,0,FALSE,FALSE,FALSE,3/2/25 4:59
28,Amplitude Embedding,Wine Data,13,1,16,12,TRUE,TRUE,2,FALSE,0,FALSE,FALSE,FALSE,0,FALSE,FALSE,FALSE,3/2/25 5:00
29,Amplitude Embedding,Wine Data,13,1,16,13,TRUE,TRUE,2,FALSE,0,FALSE,FALSE,FALSE,0,FALSE,FALSE,FALSE,3/2/25 5:01
30,Amplitude Embedding,Wine Data,13,0.9090909090909091,16,14,TRUE,TRUE,2,FALSE,0,FALSE,FALSE,FALSE,0,FALSE,FALSE,FALSE,3/2/25 5:03
31,Amplitude Embedding,Wine Data,13,1,16,15,TRUE,TRUE,2,FALSE,0,FALSE,FALSE,FALSE,0,FALSE,FALSE,FALSE,3/2/25 5:04
32,Amplitude Embedding,Wine Data,13,1,16,0,TRUE,TRUE,3,FALSE,0,FALSE,FALSE,FALSE,0,FALSE,FALSE,FALSE,3/2/25 5:05
33,Amplitude Embedding,Wine Data,13,1,16,1,TRUE,TRUE,3,FALSE,0,FALSE,FALSE,FALSE,0,FALSE,FALSE,FALSE,3/2/25 5:06
34,Amplitude Embedding,Wine Data,13,0.8181818181818182,16,2,TRUE,TRUE,3,FALSE,0,FALSE,FALSE,FALSE,0,FALSE,FALSE,FALSE,3/2/25 5:07
35,Amplitude Embedding,Wine Data,13,1,16,3,TRUE,TRUE,3,FALSE,0,FALSE,FALSE,FALSE,0,FALSE,FALSE,FALSE,3/2/25 5:08
36,Amplitude Embedding,Wine Data,13,0.9090909090909091,16,4,TRUE,TRUE,3,FALSE,0,FALSE,FALSE,FALSE,0,FALSE,FALSE,FALSE,3/2/25 5:09
37,Amplitude Embedding,Wine Data,13,1,16,5,TRUE,TRUE,3,FALSE,0,FALSE,FALSE,FALSE,0,FALSE,FALSE,FALSE,3/2/25 5:10
38,Amplitude Embedding,Wine Data,13,0.9090909090909091,16,6,TRUE,TRUE,3,FALSE,0,FALSE,FALSE,FALSE,0,FALSE,FALSE,FALSE,3/2/25 5:11
39,Amplitude Embedding,Wine Data,13,1,16,7,TRUE,TRUE,3,FALSE,0,FALSE,FALSE,FALSE,0,FALSE,FALSE,FALSE,3/2/25 5:12
40,Amplitude Embedding,Wine Data,13,1,16,8,TRUE,TRUE,3,FALSE,0,FALSE,FALSE,FALSE,0,FALSE,FALSE,FALSE,3/2/25 5:13
41,Amplitude Embedding,Wine Data,13,0.9090909090909091,16,9,TRUE,TRUE,3,FALSE,0,FALSE,FALSE,FALSE,0,FALSE,FALSE,FALSE,3/2/25 5:14
42,Amplitude Embedding,Wine Data,13,1,16,10,TRUE,TRUE,3,FALSE,0,FALSE,FALSE,FALSE,0,FALSE,FALSE,FALSE,3/2/25 5:15
43,Amplitude Embedding,Wine Data,13,0.9090909090909091,16,11,TRUE,TRUE,3,FALSE,0,FALSE,FALSE,FALSE,0,FALSE,FALSE,FALSE,3/2/25 5:16
44,Amplitude Embedding,Wine Data,13,1,16,12,TRUE,TRUE,3,FALSE,0,FALSE,FALSE,FALSE,0,FALSE,FALSE,FALSE,3/2/25 5:17
45,Amplitude Embedding,Wine Data,13,1,16,13,TRUE,TRUE,3,FALSE,0,FALSE,FALSE,FALSE,0,FALSE,FALSE,FALSE,3/2/25 5:18
46,Amplitude Embedding,Wine Data,13,0.9090909090909091,16,14,TRUE,TRUE,3,FALSE,0,FALSE,FALSE,FALSE,0,FALSE,FALSE,FALSE,3/2/25 5:19
47,Amplitude Embedding,Wine Data,13,1,16,15,TRUE,TRUE,3,FALSE,0,FALSE,FALSE,FALSE,0,FALSE,FALSE,FALSE,3/2/25 5:20
48,Amplitude Embedding,Wine Data,13,1,16,0,TRUE,TRUE,4,FALSE,0,FALSE,FALSE,FALSE,0,FALSE,FALSE,FALSE,3/2/25 5:21
49,Amplitude Embedding,Wine Data,13,1,16,1,TRUE,TRUE,4,FALSE,0,FALSE,FALSE,FALSE,0,FALSE,FALSE,FALSE,3/2/25 5:22
50,Amplitude Embedding,Wine Data,13,0.8181818181818182,16,2,TRUE,TRUE,4,FALSE,0,FALSE,FALSE,FALSE,0,FALSE,FALSE,FALSE,3/2/25 5:23
51,Amplitude Embedding,Wine Data,13,1,16,3,TRUE,TRUE,4,FALSE,0,FALSE,FALSE,FALSE,0,FALSE,FALSE,FALSE,3/2/25 5:24
52,Amplitude Embedding,Wine Data,13,0.9090909090909091,16,4,TRUE,TRUE,4,FALSE,0,FALSE,FALSE,FALSE,0,FALSE,FALSE,FALSE,3/2/25 5:25
53,Amplitude Embedding,Wine Data,13,1,16,5,TRUE,TRUE,4,FALSE,0,FALSE,FALSE,FALSE,0,FALSE,FALSE,FALSE,3/2/25 5:26
54,Amplitude Embedding,Wine Data,13,0.9090909090909091,16,6,TRUE,TRUE,4,FALSE,0,FALSE,FALSE,FALSE,0,FALSE,FALSE,FALSE,3/2/25 5:27
55,Amplitude Embedding,Wine Data,13,1,16,7,TRUE,TRUE,4,FALSE,0,FALSE,FALSE,FALSE,0,FALSE,FALSE,FALSE,3/2/25 5:28
56,Amplitude Embedding,Wine Data,13,1,16,8,TRUE,TRUE,4,FALSE,0,FALSE,FALSE,FALSE,0,FALSE,FALSE,FALSE,3/2/25 5:29
57,Amplitude Embedding,Wine Data,13,0.9090909090909091,16,9,TRUE,TRUE,4,FALSE,0,FALSE,FALSE,FALSE,0,FALSE,FALSE,FALSE,3/2/25 5:30
58,Amplitude Embedding,Wine Data,13,1,16,10,TRUE,TRUE,4,FALSE,0,FALSE,FALSE,FALSE,0,FALSE,FALSE,FALSE,3/2/25 5:31
59,Amplitude Embedding,Wine Data,13,0.9090909090909091,16,11,TRUE,TRUE,4,FALSE,0,FALSE,FALSE,FALSE,0,FALSE,FALSE,FALSE,3/2/25 5:32
60,Amplitude Embedding,Wine Data,13,1,16,12,TRUE,TRUE,4,FALSE,0,FALSE,FALSE,FALSE,0,FALSE,FALSE,FALSE,3/2/25 5:33
61,Amplitude Embedding,Wine Data,13,1,16,13,TRUE,TRUE,4,FALSE,0,FALSE,FALSE,FALSE,0,FALSE,FALSE,FALSE,3/2/25 5:34
62,Amplitude Embedding,Wine Data,13,0.9090909090909091,16,14,TRUE,TRUE,4,FALSE,0,FALSE,FALSE,FALSE,0,FALSE,FALSE,FALSE,3/2/25 5:35
63,Amplitude Embedding,Wine Data,13,1,16,15,TRUE,TRUE,4,FALSE,0,FALSE,FALSE,FALSE,0,FALSE,FALSE,FALSE,3/2/25 5:36
64,Amplitude Embedding,Wine Data,13,1,16,0,TRUE,TRUE,5,FALSE,0,FALSE,FALSE,FALSE,0,FALSE,FALSE,FALSE,3/2/25 5:37
65,Amplitude Embedding,Wine Data,13,1,16,1,TRUE,TRUE,5,FALSE,0,FALSE,FALSE,FALSE,0,FALSE,FALSE,FALSE,3/2/25 5:38
66,Amplitude Embedding,Wine Data,13,0.8181818181818182,16,2,TRUE,TRUE,5,FALSE,0,FALSE,FALSE,FALSE,0,FALSE,FALSE,FALSE,3/2/25 5:39
67,Amplitude Embedding,Wine Data,13,1,16,3,TRUE,TRUE,5,FALSE,0,FALSE,FALSE,FALSE,0,FALSE,FALSE,FALSE,3/2/25 5:40
68,Amplitude Embedding,Wine Data,13,0.9090909090909091,16,4,TRUE,TRUE,5,FALSE,0,FALSE,FALSE,FALSE,0,FALSE,FALSE,FALSE,3/2/25 5:41
69,Amplitude Embedding,Wine Data,13,1,16,5,TRUE,TRUE,5,FALSE,0,FALSE,FALSE,FALSE,0,FALSE,FALSE,FALSE,3/2/25 5:42
70,Amplitude Embedding,Wine Data,13,0.9090909090909091,16,6,TRUE,TRUE,5,FALSE,0,FALSE,FALSE,FALSE,0,FALSE,FALSE,FALSE,3/2/25 5:43
71,Amplitude Embedding,Wine Data,13,1,16,7,TRUE,TRUE,5,FALSE,0,FALSE,FALSE,FALSE,0,FALSE,FALSE,FALSE,3/2/25 5:44
72,Amplitude Embedding,Wine Data,13,1,16,8,TRUE,TRUE,5,FALSE,0,FALSE,FALSE,FALSE,0,FALSE,FALSE,FALSE,3/2/25 5:45
73,Amplitude Embedding,Wine Data,13,0.9090909090909091,16,9,TRUE,TRUE,5,FALSE,0,FALSE,FALSE,FALSE,0,FALSE,FALSE,FALSE,3/2/25 5:46
74,Amplitude Embedding,Wine Data,13,1,16,10,TRUE,TRUE,5,FALSE,0,FALSE,FALSE,FALSE,0,FALSE,FALSE,FALSE,3/2/25 5:47
75,Amplitude Embedding,Wine Data,13,0.9090909090909091,16,11,TRUE,TRUE,5,FALSE,0,FALSE,FALSE,FALSE,0,FALSE,FALSE,FALSE,3/2/25 5:48
76,Amplitude Embedding,Wine Data,13,1,16,12,TRUE,TRUE,5,FALSE,0,FALSE,FALSE,FALSE,0,FALSE,FALSE,FALSE,3/2/25 5:49
77,Amplitude Embedding,Wine Data,13,1,16,13,TRUE,TRUE,5,FALSE,0,FALSE,FALSE,FALSE,0,FALSE,FALSE,FALSE,3/2/25 5:50
78,Amplitude Embedding,Wine Data,13,0.9090909090909091,16,14,TRUE,TRUE,5,FALSE,0,FALSE,FALSE,FALSE,0,FALSE,FALSE,FALSE,3/2/25 5:51
79,Amplitude Embedding,Wine Data,13,1,16,15,TRUE,TRUE,5,FALSE,0,FALSE,FALSE,FALSE,0,FALSE,FALSE,FALSE,3/2/25 5:52
80,Amplitude Embedding,Wine Data,13,1,16,0,TRUE,TRUE,6,FALSE,0,FALSE,FALSE,FALSE,0,FALSE,FALSE,FALSE,3/2/25 5:53
81,Amplitude Embedding,Wine Data,13,1,16,1,TRUE,TRUE,6,FALSE,0,FALSE,FALSE,FALSE,0,FALSE,FALSE,FALSE,3/2/25 5:54
82,Amplitude Embedding,Wine Data,13,0.8181818181818182,16,2,TRUE,TRUE,6,FALSE,0,FALSE,FALSE,FALSE,0,FALSE,FALSE,FALSE,3/2/25 5:56
83,Amplitude Embedding,Wine Data,13,1,16,3,TRUE,TRUE,6,FALSE,0,FALSE,FALSE,FALSE,0,FALSE,FALSE,FALSE,3/2/25 5:57
84,Amplitude Embedding,Wine Data,13,0.9090909090909091,16,4,TRUE,TRUE,6,FALSE,0,FALSE,FALSE,FALSE,0,FALSE,FALSE,FALSE,3/2/25 5:58
85,Amplitude Embedding,Wine Data,13,1,16,5,TRUE,TRUE,6,FALSE,0,FALSE,FALSE,FALSE,0,FALSE,FALSE,FALSE,3/2/25 5:59
86,Amplitude Embedding,Wine Data,13,0.9090909090909091,16,6,TRUE,TRUE,6,FALSE,0,FALSE,FALSE,FALSE,0,FALSE,FALSE,FALSE,3/2/25 6:00
87,Amplitude Embedding,Wine Data,13,1,16,7,TRUE,TRUE,6,FALSE,0,FALSE,FALSE,FALSE,0,FALSE,FALSE,FALSE,3/2/25 6:01
88,Amplitude Embedding,Wine Data,13,1,16,8,TRUE,TRUE,6,FALSE,0,FALSE,FALSE,FALSE,0,FALSE,FALSE,FALSE,3/2/25 6:02
89,Amplitude Embedding,Wine Data,13,0.9090909090909091,16,9,TRUE,TRUE,6,FALSE,0,FALSE,FALSE,FALSE,0,FALSE,FALSE,FALSE,3/2/25 6:03
90,Amplitude Embedding,Wine Data,13,1,16,10,TRUE,TRUE,6,FALSE,0,FALSE,FALSE,FALSE,0,FALSE,FALSE,FALSE,3/2/25 6:04
91,Amplitude Embedding,Wine Data,13,0.9090909090909091,16,11,TRUE,TRUE,6,FALSE,0,FALSE,FALSE,FALSE,0,FALSE,FALSE,FALSE,3/2/25 6:05
92,Amplitude Embedding,Wine Data,13,1,16,12,TRUE,TRUE,6,FALSE,0,FALSE,FALSE,FALSE,0,FALSE,FALSE,FALSE,3/2/25 6:06
93,Amplitude Embedding,Wine Data,13,1,16,13,TRUE,TRUE,6,FALSE,0,FALSE,FALSE,FALSE,0,FALSE,FALSE,FALSE,3/2/25 6:07
94,Amplitude Embedding,Wine Data,13,0.9090909090909091,16,14,TRUE,TRUE,6,FALSE,0,FALSE,FALSE,FALSE,0,FALSE,FALSE,FALSE,3/2/25 6:08
95,Amplitude Embedding,Wine Data,13,1,16,15,TRUE,TRUE,6,FALSE,0,FALSE,FALSE,FALSE,0,FALSE,FALSE,FALSE,3/2/25 6:09
96,Amplitude Embedding,Wine Data,13,1,16,0,TRUE,TRUE,7,FALSE,0,FALSE,FALSE,FALSE,0,FALSE,FALSE,FALSE,3/2/25 6:10
97,Amplitude Embedding,Wine Data,13,1,16,1,TRUE,TRUE,7,FALSE,0,FALSE,FALSE,FALSE,0,FALSE,FALSE,FALSE,3/2/25 6:11
98,Amplitude Embedding,Wine Data,13,0.8181818181818182,16,2,TRUE,TRUE,7,FALSE,0,FALSE,FALSE,FALSE,0,FALSE,FALSE,FALSE,3/2/25 6:12
99,Amplitude Embedding,Wine Data,13,1,16,3,TRUE,TRUE,7,FALSE,0,FALSE,FALSE,FALSE,0,FALSE,FALSE,FALSE,3/2/25 6:13
100,Amplitude Embedding,Wine Data,13,0.9090909090909091,16,4,TRUE,TRUE,7,FALSE,0,FALSE,FALSE,FALSE,0,FALSE,FALSE,FALSE,3/2/25 6:14
101,Amplitude Embedding,Wine Data,13,1,16,5,TRUE,TRUE,7,FALSE,0,FALSE,FALSE,FALSE,0,FALSE,FALSE,FALSE,3/2/25 6:15
102,Amplitude Embedding,Wine Data,13,0.9090909090909091,16,6,TRUE,TRUE,7,FALSE,0,FALSE,FALSE,FALSE,0,FALSE,FALSE,FALSE,3/2/25 6:17
103,Amplitude Embedding,Wine Data,13,1,16,7,TRUE,TRUE,7,FALSE,0,FALSE,FALSE,FALSE,0,FALSE,FALSE,FALSE,3/2/25 6:18
104,Amplitude Embedding,Wine Data,13,1,16,8,TRUE,TRUE,7,FALSE,0,FALSE,FALSE,FALSE,0,FALSE,FALSE,FALSE,3/2/25 6:19
105,Amplitude Embedding,Wine Data,13,0.9090909090909091,16,9,TRUE,TRUE,7,FALSE,0,FALSE,FALSE,FALSE,0,FALSE,FALSE,FALSE,3/2/25 6:20
106,Amplitude Embedding,Wine Data,13,1,16,10,TRUE,TRUE,7,FALSE,0,FALSE,FALSE,FALSE,0,FALSE,FALSE,FALSE,3/2/25 6:21
107,Amplitude Embedding,Wine Data,13,0.9090909090909091,16,11,TRUE,TRUE,7,FALSE,0,FALSE,FALSE,FALSE,0,FALSE,FALSE,FALSE,3/2/25 6:22
108,Amplitude Embedding,Wine Data,13,1,16,12,TRUE,TRUE,7,FALSE,0,FALSE,FALSE,FALSE,0,FALSE,FALSE,FALSE,3/2/25 6:23
109,Amplitude Embedding,Wine Data,13,1,16,13,TRUE,TRUE,7,FALSE,0,FALSE,FALSE,FALSE,0,FALSE,FALSE,FALSE,3/2/25 6:24
110,Amplitude Embedding,Wine Data,13,0.9090909090909091,16,14,TRUE,TRUE,7,FALSE,0,FALSE,FALSE,FALSE,0,FALSE,FALSE,FALSE,3/2/25 6:25
111,Amplitude Embedding,Wine Data,13,1,16,15,TRUE,TRUE,7,FALSE,0,FALSE,FALSE,FALSE,0,FALSE,FALSE,FALSE,3/2/25 6:26
112,Amplitude Embedding,Wine Data,13,1,16,0,TRUE,TRUE,8,FALSE,0,FALSE,FALSE,FALSE,0,FALSE,FALSE,FALSE,3/2/25 6:27
113,Amplitude Embedding,Wine Data,13,1,16,1,TRUE,TRUE,8,FALSE,0,FALSE,FALSE,FALSE,0,FALSE,FALSE,FALSE,3/2/25 6:28
114,Amplitude Embedding,Wine Data,13,0.8181818181818182,16,2,TRUE,TRUE,8,FALSE,0,FALSE,FALSE,FALSE,0,FALSE,FALSE,FALSE,3/2/25 6:29
115,Amplitude Embedding,Wine Data,13,1,16,3,TRUE,TRUE,8,FALSE,0,FALSE,FALSE,FALSE,0,FALSE,FALSE,FALSE,3/2/25 6:30
116,Amplitude Embedding,Wine Data,13,0.9090909090909091,16,4,TRUE,TRUE,8,FALSE,0,FALSE,FALSE,FALSE,0,FALSE,FALSE,FALSE,3/2/25 6:31
117,Amplitude Embedding,Wine Data,13,1,16,5,TRUE,TRUE,8,FALSE,0,FALSE,FALSE,FALSE,0,FALSE,FALSE,FALSE,3/2/25 6:32
118,Amplitude Embedding,Wine Data,13,0.9090909090909091,16,6,TRUE,TRUE,8,FALSE,0,FALSE,FALSE,FALSE,0,FALSE,FALSE,FALSE,3/2/25 6:33
119,Amplitude Embedding,Wine Data,13,1,16,7,TRUE,TRUE,8,FALSE,0,FALSE,FALSE,FALSE,0,FALSE,FALSE,FALSE,3/2/25 6:34
120,Amplitude Embedding,Wine Data,13,1,16,8,TRUE,TRUE,8,FALSE,0,FALSE,FALSE,FALSE,0,FALSE,FALSE,FALSE,3/2/25 6:35
121,Amplitude Embedding,Wine Data,13,0.9090909090909091,16,9,TRUE,TRUE,8,FALSE,0,FALSE,FALSE,FALSE,0,FALSE,FALSE,FALSE,3/2/25 6:36
122,Amplitude Embedding,Wine Data,13,1,16,10,TRUE,TRUE,8,FALSE,0,FALSE,FALSE,FALSE,0,FALSE,FALSE,FALSE,3/2/25 6:37
123,Amplitude Embedding,Wine Data,13,0.9090909090909091,16,11,TRUE,TRUE,8,FALSE,0,FALSE,FALSE,FALSE,0,FALSE,FALSE,FALSE,3/2/25 6:38
124,Amplitude Embedding,Wine Data,13,1,16,12,TRUE,TRUE,8,FALSE,0,FALSE,FALSE,FALSE,0,FALSE,FALSE,FALSE,3/2/25 6:39
125,Amplitude Embedding,Wine Data,13,1,16,13,TRUE,TRUE,8,FALSE,0,FALSE,FALSE,FALSE,0,FALSE,FALSE,FALSE,3/2/25 6:40
126,Amplitude Embedding,Wine Data,13,0.9090909090909091,16,14,TRUE,TRUE,8,FALSE,0,FALSE,FALSE,FALSE,0,FALSE,FALSE,FALSE,3/2/25 6:41
127,Amplitude Embedding,Wine Data,13,1,16,15,TRUE,TRUE,8,FALSE,0,FALSE,FALSE,FALSE,0,FALSE,FALSE,FALSE,3/2/25 6:42
128,Amplitude Embedding,Wine Data,13,1,16,0,TRUE,TRUE,9,FALSE,0,FALSE,FALSE,FALSE,0,FALSE,FALSE,FALSE,3/2/25 6:43
129,Amplitude Embedding,Wine Data,13,1,16,1,TRUE,TRUE,9,FALSE,0,FALSE,FALSE,FALSE,0,FALSE,FALSE,FALSE,3/2/25 6:44
130,Amplitude Embedding,Wine Data,13,0.8181818181818182,16,2,TRUE,TRUE,9,FALSE,0,FALSE,FALSE,FALSE,0,FALSE,FALSE,FALSE,3/2/25 6:45
131,Amplitude Embedding,Wine Data,13,1,16,3,TRUE,TRUE,9,FALSE,0,FALSE,FALSE,FALSE,0,FALSE,FALSE,FALSE,3/2/25 6:46
132,Amplitude Embedding,Wine Data,13,0.9090909090909091,16,4,TRUE,TRUE,9,FALSE,0,FALSE,FALSE,FALSE,0,FALSE,FALSE,FALSE,3/2/25 6:48
133,Amplitude Embedding,Wine Data,13,1,16,5,TRUE,TRUE,9,FALSE,0,FALSE,FALSE,FALSE,0,FALSE,FALSE,FALSE,3/2/25 6:49
134,Amplitude Embedding,Wine Data,13,0.9090909090909091,16,6,TRUE,TRUE,9,FALSE,0,FALSE,FALSE,FALSE,0,FALSE,FALSE,FALSE,3/2/25 6:50
135,Amplitude Embedding,Wine Data,13,1,16,7,TRUE,TRUE,9,FALSE,0,FALSE,FALSE,FALSE,0,FALSE,FALSE,FALSE,3/2/25 6:51
136,Amplitude Embedding,Wine Data,13,1,16,8,TRUE,TRUE,9,FALSE,0,FALSE,FALSE,FALSE,0,FALSE,FALSE,FALSE,3/2/25 6:52
137,Amplitude Embedding,Wine Data,13,0.9090909090909091,16,9,TRUE,TRUE,9,FALSE,0,FALSE,FALSE,FALSE,0,FALSE,FALSE,FALSE,3/2/25 6:53
138,Amplitude Embedding,Wine Data,13,1,16,10,TRUE,TRUE,9,FALSE,0,FALSE,FALSE,FALSE,0,FALSE,FALSE,FALSE,3/2/25 6:54
139,Amplitude Embedding,Wine Data,13,0.9090909090909091,16,11,TRUE,TRUE,9,FALSE,0,FALSE,FALSE,FALSE,0,FALSE,FALSE,FALSE,3/2/25 6:55
140,Amplitude Embedding,Wine Data,13,1,16,12,TRUE,TRUE,9,FALSE,0,FALSE,FALSE,FALSE,0,FALSE,FALSE,FALSE,3/2/25 6:56
141,Amplitude Embedding,Wine Data,13,1,16,13,TRUE,TRUE,9,FALSE,0,FALSE,FALSE,FALSE,0,FALSE,FALSE,FALSE,3/2/25 6:57
142,Amplitude Embedding,Wine Data,13,0.9090909090909091,16,14,TRUE,TRUE,9,FALSE,0,FALSE,FALSE,FALSE,0,FALSE,FALSE,FALSE,3/2/25 6:58
143,Amplitude Embedding,Wine Data,13,1,16,15,TRUE,TRUE,9,FALSE,0,FALSE,FALSE,FALSE,0,FALSE,FALSE,FALSE,3/2/25 6:59
144,Amplitude Embedding,Wine Data,13,1,16,0,TRUE,TRUE,10,FALSE,0,FALSE,FALSE,FALSE,0,FALSE,FALSE,FALSE,3/2/25 7:00
145,Amplitude Embedding,Wine Data,13,1,16,1,TRUE,TRUE,10,FALSE,0,FALSE,FALSE,FALSE,0,FALSE,FALSE,FALSE,3/2/25 7:01
146,Amplitude Embedding,Wine Data,13,0.8181818181818182,16,2,TRUE,TRUE,10,FALSE,0,FALSE,FALSE,FALSE,0,FALSE,FALSE,FALSE,3/2/25 7:02
147,Amplitude Embedding,Wine Data,13,1,16,3,TRUE,TRUE,10,FALSE,0,FALSE,FALSE,FALSE,0,FALSE,FALSE,FALSE,3/2/25 7:03
148,Amplitude Embedding,Wine Data,13,0.9090909090909091,16,4,TRUE,TRUE,10,FALSE,0,FALSE,FALSE,FALSE,0,FALSE,FALSE,FALSE,3/2/25 7:04
149,Amplitude Embedding,Wine Data,13,1,16,5,TRUE,TRUE,10,FALSE,0,FALSE,FALSE,FALSE,0,FALSE,FALSE,FALSE,3/2/25 7:05
150,Amplitude Embedding,Wine Data,13,0.9090909090909091,16,6,TRUE,TRUE,10,FALSE,0,FALSE,FALSE,FALSE,0,FALSE,FALSE,FALSE,3/2/25 7:06
151,Amplitude Embedding,Wine Data,13,1,16,7,TRUE,TRUE,10,FALSE,0,FALSE,FALSE,FALSE,0,FALSE,FALSE,FALSE,3/2/25 7:07
152,Amplitude Embedding,Wine Data,13,1,16,8,TRUE,TRUE,10,FALSE,0,FALSE,FALSE,FALSE,0,FALSE,FALSE,FALSE,3/2/25 7:08
153,Amplitude Embedding,Wine Data,13,0.9090909090909091,16,9,TRUE,TRUE,10,FALSE,0,FALSE,FALSE,FALSE,0,FALSE,FALSE,FALSE,3/2/25 7:09
154,Amplitude Embedding,Wine Data,13,1,16,10,TRUE,TRUE,10,FALSE,0,FALSE,FALSE,FALSE,0,FALSE,FALSE,FALSE,3/2/25 7:10
155,Amplitude Embedding,Wine Data,13,0.9090909090909091,16,11,TRUE,TRUE,10,FALSE,0,FALSE,FALSE,FALSE,0,FALSE,FALSE,FALSE,3/2/25 7:11
156,Amplitude Embedding,Wine Data,13,1,16,12,TRUE,TRUE,10,FALSE,0,FALSE,FALSE,FALSE,0,FALSE,FALSE,FALSE,3/2/25 7:12
157,Amplitude Embedding,Wine Data,13,1,16,13,TRUE,TRUE,10,FALSE,0,FALSE,FALSE,FALSE,0,FALSE,FALSE,FALSE,3/2/25 7:13
158,Amplitude Embedding,Wine Data,13,0.9090909090909091,16,14,TRUE,TRUE,10,FALSE,0,FALSE,FALSE,FALSE,0,FALSE,FALSE,FALSE,3/2/25 7:14
159,Amplitude Embedding,Wine Data,13,1,16,15,TRUE,TRUE,10,FALSE,0,FALSE,FALSE,FALSE,0,FALSE,FALSE,FALSE,3/2/25 7:16
160,Amplitude Embedding,Wine Data,13,1,16,0,TRUE,TRUE,11,FALSE,0,FALSE,FALSE,FALSE,0,FALSE,FALSE,FALSE,3/2/25 7:17
161,Amplitude Embedding,Wine Data,13,1,16,1,TRUE,TRUE,11,FALSE,0,FALSE,FALSE,FALSE,0,FALSE,FALSE,FALSE,3/2/25 7:18
162,Amplitude Embedding,Wine Data,13,0.8181818181818182,16,2,TRUE,TRUE,11,FALSE,0,FALSE,FALSE,FALSE,0,FALSE,FALSE,FALSE,3/2/25 7:19
163,Amplitude Embedding,Wine Data,13,1,16,3,TRUE,TRUE,11,FALSE,0,FALSE,FALSE,FALSE,0,FALSE,FALSE,FALSE,3/2/25 7:20
164,Amplitude Embedding,Wine Data,13,0.9090909090909091,16,4,TRUE,TRUE,11,FALSE,0,FALSE,FALSE,FALSE,0,FALSE,FALSE,FALSE,3/2/25 7:21
165,Amplitude Embedding,Wine Data,13,1,16,5,TRUE,TRUE,11,FALSE,0,FALSE,FALSE,FALSE,0,FALSE,FALSE,FALSE,3/2/25 7:22
166,Amplitude Embedding,Wine Data,13,0.9090909090909091,16,6,TRUE,TRUE,11,FALSE,0,FALSE,FALSE,FALSE,0,FALSE,FALSE,FALSE,3/2/25 7:23
167,Amplitude Embedding,Wine Data,13,1,16,7,TRUE,TRUE,11,FALSE,0,FALSE,FALSE,FALSE,0,FALSE,FALSE,FALSE,3/2/25 7:24
168,Amplitude Embedding,Wine Data,13,1,16,8,TRUE,TRUE,11,FALSE,0,FALSE,FALSE,FALSE,0,FALSE,FALSE,FALSE,3/2/25 7:25
169,Amplitude Embedding,Wine Data,13,0.9090909090909091,16,9,TRUE,TRUE,11,FALSE,0,FALSE,FALSE,FALSE,0,FALSE,FALSE,FALSE,3/2/25 7:26
170,Amplitude Embedding,Wine Data,13,1,16,10,TRUE,TRUE,11,FALSE,0,FALSE,FALSE,FALSE,0,FALSE,FALSE,FALSE,3/2/25 7:27
171,Amplitude Embedding,Wine Data,13,0.9090909090909091,16,11,TRUE,TRUE,11,FALSE,0,FALSE,FALSE,FALSE,0,FALSE,FALSE,FALSE,3/2/25 7:28
172,Amplitude Embedding,Wine Data,13,1,16,12,TRUE,TRUE,11,FALSE,0,FALSE,FALSE,FALSE,0,FALSE,FALSE,FALSE,3/2/25 7:29
173,Amplitude Embedding,Wine Data,13,1,16,13,TRUE,TRUE,11,FALSE,0,FALSE,FALSE,FALSE,0,FALSE,FALSE,FALSE,3/2/25 7:30
174,Amplitude Embedding,Wine Data,13,0.9090909090909091,16,14,TRUE,TRUE,11,FALSE,0,FALSE,FALSE,FALSE,0,FALSE,FALSE,FALSE,3/2/25 7:31
175,Amplitude Embedding,Wine Data,13,1,16,15,TRUE,TRUE,11,FALSE,0,FALSE,FALSE,FALSE,0,FALSE,FALSE,FALSE,3/2/25 7:33
176,Amplitude Embedding,Wine Data,13,1,16,0,TRUE,TRUE,12,FALSE,0,FALSE,FALSE,FALSE,0,FALSE,FALSE,FALSE,3/2/25 7:34
177,Amplitude Embedding,Wine Data,13,1,16,1,TRUE,TRUE,12,FALSE,0,FALSE,FALSE,FALSE,0,FALSE,FALSE,FALSE,3/2/25 7:35
178,Amplitude Embedding,Wine Data,13,0.8181818181818182,16,2,TRUE,TRUE,12,FALSE,0,FALSE,FALSE,FALSE,0,FALSE,FALSE,FALSE,3/2/25 7:36
179,Amplitude Embedding,Wine Data,13,1,16,3,TRUE,TRUE,12,FALSE,0,FALSE,FALSE,FALSE,0,FALSE,FALSE,FALSE,3/2/25 7:37
180,Amplitude Embedding,Wine Data,13,0.9090909090909091,16,4,TRUE,TRUE,12,FALSE,0,FALSE,FALSE,FALSE,0,FALSE,FALSE,FALSE,3/2/25 7:38
181,Amplitude Embedding,Wine Data,13,1,16,5,TRUE,TRUE,12,FALSE,0,FALSE,FALSE,FALSE,0,FALSE,FALSE,FALSE,3/2/25 7:39
182,Amplitude Embedding,Wine Data,13,0.9090909090909091,16,6,TRUE,TRUE,12,FALSE,0,FALSE,FALSE,FALSE,0,FALSE,FALSE,FALSE,3/2/25 7:40
183,Amplitude Embedding,Wine Data,13,1,16,7,TRUE,TRUE,12,FALSE,0,FALSE,FALSE,FALSE,0,FALSE,FALSE,FALSE,3/2/25 7:41
184,Amplitude Embedding,Wine Data,13,1,16,8,TRUE,TRUE,12,FALSE,0,FALSE,FALSE,FALSE,0,FALSE,FALSE,FALSE,3/2/25 7:42
185,Amplitude Embedding,Wine Data,13,0.9090909090909091,16,9,TRUE,TRUE,12,FALSE,0,FALSE,FALSE,FALSE,0,FALSE,FALSE,FALSE,3/2/25 7:43
186,Amplitude Embedding,Wine Data,13,1,16,10,TRUE,TRUE,12,FALSE,0,FALSE,FALSE,FALSE,0,FALSE,FALSE,FALSE,3/2/25 7:44
187,Amplitude Embedding,Wine Data,13,0.9090909090909091,16,11,TRUE,TRUE,12,FALSE,0,FALSE,FALSE,FALSE,0,FALSE,FALSE,FALSE,3/2/25 7:45
188,Amplitude Embedding,Wine Data,13,1,16,12,TRUE,TRUE,12,FALSE,0,FALSE,FALSE,FALSE,0,FALSE,FALSE,FALSE,3/2/25 7:47
189,Amplitude Embedding,Wine Data,13,1,16,13,TRUE,TRUE,12,FALSE,0,FALSE,FALSE,FALSE,0,FALSE,FALSE,FALSE,3/2/25 7:48
190,Amplitude Embedding,Wine Data,13,0.9090909090909091,16,14,TRUE,TRUE,12,FALSE,0,FALSE,FALSE,FALSE,0,FALSE,FALSE,FALSE,3/2/25 7:49
191,Amplitude Embedding,Wine Data,13,1,16,15,TRUE,TRUE,12,FALSE,0,FALSE,FALSE,FALSE,0,FALSE,FALSE,FALSE,3/2/25 7:50
192,Amplitude Embedding,Wine Data,13,1,16,0,TRUE,TRUE,13,FALSE,0,FALSE,FALSE,FALSE,0,FALSE,FALSE,FALSE,3/2/25 7:51
193,Amplitude Embedding,Wine Data,13,1,16,1,TRUE,TRUE,13,FALSE,0,FALSE,FALSE,FALSE,0,FALSE,FALSE,FALSE,3/2/25 7:53
194,Amplitude Embedding,Wine Data,13,0.8181818181818182,16,2,TRUE,TRUE,13,FALSE,0,FALSE,FALSE,FALSE,0,FALSE,FALSE,FALSE,3/2/25 7:54
195,Amplitude Embedding,Wine Data,13,1,16,3,TRUE,TRUE,13,FALSE,0,FALSE,FALSE,FALSE,0,FALSE,FALSE,FALSE,3/2/25 7:55
196,Amplitude Embedding,Wine Data,13,0.9090909090909091,16,4,TRUE,TRUE,13,FALSE,0,FALSE,FALSE,FALSE,0,FALSE,FALSE,FALSE,3/2/25 7:56
197,Amplitude Embedding,Wine Data,13,1,16,5,TRUE,TRUE,13,FALSE,0,FALSE,FALSE,FALSE,0,FALSE,FALSE,FALSE,3/2/25 7:58
198,Amplitude Embedding,Wine Data,13,0.9090909090909091,16,6,TRUE,TRUE,13,FALSE,0,FALSE,FALSE,FALSE,0,FALSE,FALSE,FALSE,3/2/25 7:59
199,Amplitude Embedding,Wine Data,13,1,16,7,TRUE,TRUE,13,FALSE,0,FALSE,FALSE,FALSE,0,FALSE,FALSE,FALSE,3/2/25 8:00
200,Amplitude Embedding,Wine Data,13,1,16,8,TRUE,TRUE,13,FALSE,0,FALSE,FALSE,FALSE,0,FALSE,FALSE,FALSE,3/2/25 8:01
201,Amplitude Embedding,Wine Data,13,0.9090909090909091,16,9,TRUE,TRUE,13,FALSE,0,FALSE,FALSE,FALSE,0,FALSE,FALSE,FALSE,3/2/25 8:03
202,Amplitude Embedding,Wine Data,13,1,16,10,TRUE,TRUE,13,FALSE,0,FALSE,FALSE,FALSE,0,FALSE,FALSE,FALSE,3/2/25 8:04
203,Amplitude Embedding,Wine Data,13,0.9090909090909091,16,11,TRUE,TRUE,13,FALSE,0,FALSE,FALSE,FALSE,0,FALSE,FALSE,FALSE,3/2/25 8:05
204,Amplitude Embedding,Wine Data,13,1,16,12,TRUE,TRUE,13,FALSE,0,FALSE,FALSE,FALSE,0,FALSE,FALSE,FALSE,3/2/25 8:07
205,Amplitude Embedding,Wine Data,13,1,16,13,TRUE,TRUE,13,FALSE,0,FALSE,FALSE,FALSE,0,FALSE,FALSE,FALSE,3/2/25 8:08
206,Amplitude Embedding,Wine Data,13,0.9090909090909091,16,14,TRUE,TRUE,13,FALSE,0,FALSE,FALSE,FALSE,0,FALSE,FALSE,FALSE,3/2/25 8:09
207,Amplitude Embedding,Wine Data,13,1,16,15,TRUE,TRUE,13,FALSE,0,FALSE,FALSE,FALSE,0,FALSE,FALSE,FALSE,3/2/25 8:11
208,Amplitude Embedding,Wine Data,13,1,16,0,TRUE,TRUE,14,FALSE,0,FALSE,FALSE,FALSE,0,FALSE,FALSE,FALSE,3/2/25 8:12
209,Amplitude Embedding,Wine Data,13,1,16,1,TRUE,TRUE,14,FALSE,0,FALSE,FALSE,FALSE,0,FALSE,FALSE,FALSE,3/2/25 8:13
210,Amplitude Embedding,Wine Data,13,0.8181818181818182,16,2,TRUE,TRUE,14,FALSE,0,FALSE,FALSE,FALSE,0,FALSE,FALSE,FALSE,3/2/25 8:15
211,Amplitude Embedding,Wine Data,13,1,16,3,TRUE,TRUE,14,FALSE,0,FALSE,FALSE,FALSE,0,FALSE,FALSE,FALSE,3/2/25 8:16
212,Amplitude Embedding,Wine Data,13,0.9090909090909091,16,4,TRUE,TRUE,14,FALSE,0,FALSE,FALSE,FALSE,0,FALSE,FALSE,FALSE,3/2/25 8:17
213,Amplitude Embedding,Wine Data,13,1,16,5,TRUE,TRUE,14,FALSE,0,FALSE,FALSE,FALSE,0,FALSE,FALSE,FALSE,3/2/25 8:19
214,Amplitude Embedding,Wine Data,13,0.9090909090909091,16,6,TRUE,TRUE,14,FALSE,0,FALSE,FALSE,FALSE,0,FALSE,FALSE,FALSE,3/2/25 8:20
215,Amplitude Embedding,Wine Data,13,1,16,7,TRUE,TRUE,14,FALSE,0,FALSE,FALSE,FALSE,0,FALSE,FALSE,FALSE,3/2/25 8:21
216,Amplitude Embedding,Wine Data,13,1,16,8,TRUE,TRUE,14,FALSE,0,FALSE,FALSE,FALSE,0,FALSE,FALSE,FALSE,3/2/25 8:23
217,Amplitude Embedding,Wine Data,13,0.9090909090909091,16,9,TRUE,TRUE,14,FALSE,0,FALSE,FALSE,FALSE,0,FALSE,FALSE,FALSE,3/2/25 8:24
218,Amplitude Embedding,Wine Data,13,1,16,10,TRUE,TRUE,14,FALSE,0,FALSE,FALSE,FALSE,0,FALSE,FALSE,FALSE,3/2/25 8:25
219,Amplitude Embedding,Wine Data,13,0.9090909090909091,16,11,TRUE,TRUE,14,FALSE,0,FALSE,FALSE,FALSE,0,FALSE,FALSE,FALSE,3/2/25 8:27
220,Amplitude Embedding,Wine Data,13,1,16,12,TRUE,TRUE,14,FALSE,0,FALSE,FALSE,FALSE,0,FALSE,FALSE,FALSE,3/2/25 8:28
221,Amplitude Embedding,Wine Data,13,1,16,13,TRUE,TRUE,14,FALSE,0,FALSE,FALSE,FALSE,0,FALSE,FALSE,FALSE,3/2/25 8:29
222,Amplitude Embedding,Wine Data,13,0.9090909090909091,16,14,TRUE,TRUE,14,FALSE,0,FALSE,FALSE,FALSE,0,FALSE,FALSE,FALSE,3/2/25 8:31
223,Amplitude Embedding,Wine Data,13,1,16,15,TRUE,TRUE,14,FALSE,0,FALSE,FALSE,FALSE,0,FALSE,FALSE,FALSE,3/2/25 8:32
224,Amplitude Embedding,Wine Data,13,1,16,0,TRUE,TRUE,15,FALSE,0,FALSE,FALSE,FALSE,0,FALSE,FALSE,FALSE,3/2/25 8:34
225,Amplitude Embedding,Wine Data,13,1,16,1,TRUE,TRUE,15,FALSE,0,FALSE,FALSE,FALSE,0,FALSE,FALSE,FALSE,3/2/25 8:38
226,Amplitude Embedding,Wine Data,13,0.8181818181818182,16,2,TRUE,TRUE,15,FALSE,0,FALSE,FALSE,FALSE,0,FALSE,FALSE,FALSE,3/2/25 8:40
227,Amplitude Embedding,Wine Data,13,1,16,3,TRUE,TRUE,15,FALSE,0,FALSE,FALSE,FALSE,0,FALSE,FALSE,FALSE,3/2/25 8:42
228,Amplitude Embedding,Wine Data,13,0.9090909090909091,16,4,TRUE,TRUE,15,FALSE,0,FALSE,FALSE,FALSE,0,FALSE,FALSE,FALSE,3/2/25 8:45
229,Amplitude Embedding,Wine Data,13,1,16,5,TRUE,TRUE,15,FALSE,0,FALSE,FALSE,FALSE,0,FALSE,FALSE,FALSE,3/2/25 8:47
230,Amplitude Embedding,Wine Data,13,0.9090909090909091,16,6,TRUE,TRUE,15,FALSE,0,FALSE,FALSE,FALSE,0,FALSE,FALSE,FALSE,3/2/25 8:48
231,Amplitude Embedding,Wine Data,13,1,16,7,TRUE,TRUE,15,FALSE,0,FALSE,FALSE,FALSE,0,FALSE,FALSE,FALSE,3/2/25 8:50
232,Amplitude Embedding,Wine Data,13,1,16,8,TRUE,TRUE,15,FALSE,0,FALSE,FALSE,FALSE,0,FALSE,FALSE,FALSE,3/2/25 8:52
233,Amplitude Embedding,Wine Data,13,0.9090909090909091,16,9,TRUE,TRUE,15,FALSE,0,FALSE,FALSE,FALSE,0,FALSE,FALSE,FALSE,3/2/25 8:54
234,Amplitude Embedding,Wine Data,13,1,16,10,TRUE,TRUE,15,FALSE,0,FALSE,FALSE,FALSE,0,FALSE,FALSE,FALSE,3/2/25 8:55
235,Amplitude Embedding,Wine Data,13,0.9090909090909091,16,11,TRUE,TRUE,15,FALSE,0,FALSE,FALSE,FALSE,0,FALSE,FALSE,FALSE,3/2/25 8:57
236,Amplitude Embedding,Wine Data,13,1,16,12,TRUE,TRUE,15,FALSE,0,FALSE,FALSE,FALSE,0,FALSE,FALSE,FALSE,3/2/25 8:59
237,Amplitude Embedding,Wine Data,13,1,16,13,TRUE,TRUE,15,FALSE,0,FALSE,FALSE,FALSE,0,FALSE,FALSE,FALSE,3/2/25 9:00
238,Amplitude Embedding,Wine Data,13,0.9090909090909091,16,14,TRUE,TRUE,15,FALSE,0,FALSE,FALSE,FALSE,0,FALSE,FALSE,FALSE,3/2/25 9:19
239,Amplitude Embedding,Wine Data,13,1,16,15,TRUE,TRUE,15,FALSE,0,FALSE,FALSE,FALSE,0,FALSE,FALSE,FALSE,3/2/25 9:20
240,Amplitude Embedding,Wine Data,13,1,16,0,TRUE,TRUE,16,FALSE,0,FALSE,FALSE,FALSE,0,FALSE,FALSE,FALSE,3/2/25 9:21
241,Amplitude Embedding,Wine Data,13,1,16,1,TRUE,TRUE,16,FALSE,0,FALSE,FALSE,FALSE,0,FALSE,FALSE,FALSE,3/2/25 9:22
242,Amplitude Embedding,Wine Data,13,0.8181818181818182,16,2,TRUE,TRUE,16,FALSE,0,FALSE,FALSE,FALSE,0,FALSE,FALSE,FALSE,3/2/25 9:23
243,Amplitude Embedding,Wine Data,13,1,16,3,TRUE,TRUE,16,FALSE,0,FALSE,FALSE,FALSE,0,FALSE,FALSE,FALSE,3/2/25 9:24
244,Amplitude Embedding,Wine Data,13,0.9090909090909091,16,4,TRUE,TRUE,16,FALSE,0,FALSE,FALSE,FALSE,0,FALSE,FALSE,FALSE,3/2/25 9:25
245,Amplitude Embedding,Wine Data,13,1,16,5,TRUE,TRUE,16,FALSE,0,FALSE,FALSE,FALSE,0,FALSE,FALSE,FALSE,3/2/25 9:26
246,Amplitude Embedding,Wine Data,13,0.9090909090909091,16,6,TRUE,TRUE,16,FALSE,0,FALSE,FALSE,FALSE,0,FALSE,FALSE,FALSE,3/2/25 9:27
247,Amplitude Embedding,Wine Data,13,1,16,7,TRUE,TRUE,16,FALSE,0,FALSE,FALSE,FALSE,0,FALSE,FALSE,FALSE,3/2/25 9:28
248,Amplitude Embedding,Wine Data,13,1,16,8,TRUE,TRUE,16,FALSE,0,FALSE,FALSE,FALSE,0,FALSE,FALSE,FALSE,3/2/25 9:29
249,Amplitude Embedding,Wine Data,13,0.9090909090909091,16,9,TRUE,TRUE,16,FALSE,0,FALSE,FALSE,FALSE,0,FALSE,FALSE,FALSE,3/2/25 9:30
250,Amplitude Embedding,Wine Data,13,1,16,10,TRUE,TRUE,16,FALSE,0,FALSE,FALSE,FALSE,0,FALSE,FALSE,FALSE,3/2/25 9:31
251,Amplitude Embedding,Wine Data,13,0.9090909090909091,16,11,TRUE,TRUE,16,FALSE,0,FALSE,FALSE,FALSE,0,FALSE,FALSE,FALSE,3/2/25 9:32
252,Amplitude Embedding,Wine Data,13,1,16,12,TRUE,TRUE,16,FALSE,0,FALSE,FALSE,FALSE,0,FALSE,FALSE,FALSE,3/2/25 9:33
253,Amplitude Embedding,Wine Data,13,1,16,13,TRUE,TRUE,16,FALSE,0,FALSE,FALSE,FALSE,0,FALSE,FALSE,FALSE,3/2/25 9:34
254,Amplitude Embedding,Wine Data,13,0.9090909090909091,16,14,TRUE,TRUE,16,FALSE,0,FALSE,FALSE,FALSE,0,FALSE,FALSE,FALSE,3/2/25 9:35
255,Amplitude Embedding,Wine Data,13,1,16,15,TRUE,TRUE,16,FALSE,0,FALSE,FALSE,FALSE,0,FALSE,FALSE,FALSE,3/2/25 9:36
256,Amplitude Embedding,Wine Data,13,1,16,0,TRUE,TRUE,17,FALSE,0,FALSE,FALSE,FALSE,0,FALSE,FALSE,FALSE,3/2/25 9:37
257,Amplitude Embedding,Wine Data,13,1,16,1,TRUE,TRUE,17,FALSE,0,FALSE,FALSE,FALSE,0,FALSE,FALSE,FALSE,3/2/25 9:38
258,Amplitude Embedding,Wine Data,13,0.8181818181818182,16,2,TRUE,TRUE,17,FALSE,0,FALSE,FALSE,FALSE,0,FALSE,FALSE,FALSE,3/2/25 9:39
259,Amplitude Embedding,Wine Data,13,1,16,3,TRUE,TRUE,17,FALSE,0,FALSE,FALSE,FALSE,0,FALSE,FALSE,FALSE,3/2/25 9:41
260,Amplitude Embedding,Wine Data,13,0.9090909090909091,16,4,TRUE,TRUE,17,FALSE,0,FALSE,FALSE,FALSE,0,FALSE,FALSE,FALSE,3/2/25 9:42
261,Amplitude Embedding,Wine Data,13,1,16,5,TRUE,TRUE,17,FALSE,0,FALSE,FALSE,FALSE,0,FALSE,FALSE,FALSE,3/2/25 9:43
262,Amplitude Embedding,Wine Data,13,0.9090909090909091,16,6,TRUE,TRUE,17,FALSE,0,FALSE,FALSE,FALSE,0,FALSE,FALSE,FALSE,3/2/25 9:44
263,Amplitude Embedding,Wine Data,13,1,16,7,TRUE,TRUE,17,FALSE,0,FALSE,FALSE,FALSE,0,FALSE,FALSE,FALSE,3/2/25 9:46
264,Amplitude Embedding,Wine Data,13,1,16,8,TRUE,TRUE,17,FALSE,0,FALSE,FALSE,FALSE,0,FALSE,FALSE,FALSE,3/2/25 9:47
265,Amplitude Embedding,Wine Data,13,0.9090909090909091,16,9,TRUE,TRUE,17,FALSE,0,FALSE,FALSE,FALSE,0,FALSE,FALSE,FALSE,3/2/25 9:49
266,Amplitude Embedding,Wine Data,13,1,16,10,TRUE,TRUE,17,FALSE,0,FALSE,FALSE,FALSE,0,FALSE,FALSE,FALSE,3/2/25 9:51
267,Amplitude Embedding,Wine Data,13,0.9090909090909091,16,11,TRUE,TRUE,17,FALSE,0,FALSE,FALSE,FALSE,0,FALSE,FALSE,FALSE,3/2/25 9:53
268,Amplitude Embedding,Wine Data,13,1,16,12,TRUE,TRUE,17,FALSE,0,FALSE,FALSE,FALSE,0,FALSE,FALSE,FALSE,3/2/25 9:54
269,Amplitude Embedding,Wine Data,13,1,16,13,TRUE,TRUE,17,FALSE,0,FALSE,FALSE,FALSE,0,FALSE,FALSE,FALSE,3/2/25 9:56
270,Amplitude Embedding,Wine Data,13,0.9090909090909091,16,14,TRUE,TRUE,17,FALSE,0,FALSE,FALSE,FALSE,0,FALSE,FALSE,FALSE,3/2/25 9:58
271,Amplitude Embedding,Wine Data,13,1,16,15,TRUE,TRUE,17,FALSE,0,FALSE,FALSE,FALSE,0,FALSE,FALSE,FALSE,3/2/25 9:59
272,Amplitude Embedding,Wine Data,13,1,16,0,TRUE,TRUE,18,FALSE,0,FALSE,FALSE,FALSE,0,FALSE,FALSE,FALSE,3/2/25 10:01
273,Amplitude Embedding,Wine Data,13,1,16,1,TRUE,TRUE,18,FALSE,0,FALSE,FALSE,FALSE,0,FALSE,FALSE,FALSE,3/2/25 10:02
274,Amplitude Embedding,Wine Data,13,0.8181818181818182,16,2,TRUE,TRUE,18,FALSE,0,FALSE,FALSE,FALSE,0,FALSE,FALSE,FALSE,3/2/25 10:04
275,Amplitude Embedding,Wine Data,13,1,16,3,TRUE,TRUE,18,FALSE,0,FALSE,FALSE,FALSE,0,FALSE,FALSE,FALSE,3/2/25 10:06
276,Amplitude Embedding,Wine Data,13,0.9090909090909091,16,4,TRUE,TRUE,18,FALSE,0,FALSE,FALSE,FALSE,0,FALSE,FALSE,FALSE,3/2/25 10:07
277,Amplitude Embedding,Wine Data,13,1,16,5,TRUE,TRUE,18,FALSE,0,FALSE,FALSE,FALSE,0,FALSE,FALSE,FALSE,3/2/25 10:09
278,Amplitude Embedding,Wine Data,13,0.9090909090909091,16,6,TRUE,TRUE,18,FALSE,0,FALSE,FALSE,FALSE,0,FALSE,FALSE,FALSE,3/2/25 10:25
279,Amplitude Embedding,Wine Data,13,1,16,7,TRUE,TRUE,18,FALSE,0,FALSE,FALSE,FALSE,0,FALSE,FALSE,FALSE,3/2/25 10:26
280,Amplitude Embedding,Wine Data,13,1,16,8,TRUE,TRUE,18,FALSE,0,FALSE,FALSE,FALSE,0,FALSE,FALSE,FALSE,3/2/25 10:27
281,Amplitude Embedding,Wine Data,13,0.9090909090909091,16,9,TRUE,TRUE,18,FALSE,0,FALSE,FALSE,FALSE,0,FALSE,FALSE,FALSE,3/2/25 10:28
282,Amplitude Embedding,Wine Data,13,1,16,10,TRUE,TRUE,18,FALSE,0,FALSE,FALSE,FALSE,0,FALSE,FALSE,FALSE,3/2/25 10:29
283,Amplitude Embedding,Wine Data,13,0.9090909090909091,16,11,TRUE,TRUE,18,FALSE,0,FALSE,FALSE,FALSE,0,FALSE,FALSE,FALSE,3/2/25 10:30
284,Amplitude Embedding,Wine Data,13,1,16,12,TRUE,TRUE,18,FALSE,0,FALSE,FALSE,FALSE,0,FALSE,FALSE,FALSE,3/2/25 10:31
285,Amplitude Embedding,Wine Data,13,1,16,13,TRUE,TRUE,18,FALSE,0,FALSE,FALSE,FALSE,0,FALSE,FALSE,FALSE,3/2/25 10:32
286,Amplitude Embedding,Wine Data,13,0.9090909090909091,16,14,TRUE,TRUE,18,FALSE,0,FALSE,FALSE,FALSE,0,FALSE,FALSE,FALSE,3/2/25 10:33
287,Amplitude Embedding,Wine Data,13,1,16,15,TRUE,TRUE,18,FALSE,0,FALSE,FALSE,FALSE,0,FALSE,FALSE,FALSE,3/2/25 10:34
288,Amplitude Embedding,Wine Data,13,1,16,0,TRUE,TRUE,19,FALSE,0,FALSE,FALSE,FALSE,0,FALSE,FALSE,FALSE,3/2/25 10:35
289,Amplitude Embedding,Wine Data,13,1,16,1,TRUE,TRUE,19,FALSE,0,FALSE,FALSE,FALSE,0,FALSE,FALSE,FALSE,3/2/25 10:36
290,Amplitude Embedding,Wine Data,13,0.8181818181818182,16,2,TRUE,TRUE,19,FALSE,0,FALSE,FALSE,FALSE,0,FALSE,FALSE,FALSE,3/2/25 10:37
291,Amplitude Embedding,Wine Data,13,1,16,3,TRUE,TRUE,19,FALSE,0,FALSE,FALSE,FALSE,0,FALSE,FALSE,FALSE,3/2/25 10:38
292,Amplitude Embedding,Wine Data,13,0.9090909090909091,16,4,TRUE,TRUE,19,FALSE,0,FALSE,FALSE,FALSE,0,FALSE,FALSE,FALSE,3/2/25 10:40
293,Amplitude Embedding,Wine Data,13,1,16,5,TRUE,TRUE,19,FALSE,0,FALSE,FALSE,FALSE,0,FALSE,FALSE,FALSE,3/2/25 10:41
294,Amplitude Embedding,Wine Data,13,0.9090909090909091,16,6,TRUE,TRUE,19,FALSE,0,FALSE,FALSE,FALSE,0,FALSE,FALSE,FALSE,3/2/25 10:42
295,Amplitude Embedding,Wine Data,13,1,16,7,TRUE,TRUE,19,FALSE,0,FALSE,FALSE,FALSE,0,FALSE,FALSE,FALSE,3/2/25 10:44
296,Amplitude Embedding,Wine Data,13,1,16,8,TRUE,TRUE,19,FALSE,0,FALSE,FALSE,FALSE,0,FALSE,FALSE,FALSE,3/2/25 10:45
297,Amplitude Embedding,Wine Data,13,0.9090909090909091,16,9,TRUE,TRUE,19,FALSE,0,FALSE,FALSE,FALSE,0,FALSE,FALSE,FALSE,3/2/25 10:47
298,Amplitude Embedding,Wine Data,13,1,16,10,TRUE,TRUE,19,FALSE,0,FALSE,FALSE,FALSE,0,FALSE,FALSE,FALSE,3/2/25 10:48
299,Amplitude Embedding,Wine Data,13,0.9090909090909091,16,11,TRUE,TRUE,19,FALSE,0,FALSE,FALSE,FALSE,0,FALSE,FALSE,FALSE,3/2/25 10:50
300,Amplitude Embedding,Wine Data,13,1,16,12,TRUE,TRUE,19,FALSE,0,FALSE,FALSE,FALSE,0,FALSE,FALSE,FALSE,3/2/25 10:52
301,Amplitude Embedding,Wine Data,13,1,16,13,TRUE,TRUE,19,FALSE,0,FALSE,FALSE,FALSE,0,FALSE,FALSE,FALSE,3/2/25 10:53
302,Amplitude Embedding,Wine Data,13,0.9090909090909091,16,14,TRUE,TRUE,19,FALSE,0,FALSE,FALSE,FALSE,0,FALSE,FALSE,FALSE,3/2/25 10:55
303,Amplitude Embedding,Wine Data,13,1,16,15,TRUE,TRUE,19,FALSE,0,FALSE,FALSE,FALSE,0,FALSE,FALSE,FALSE,3/2/25 10:56
`,Amplitude Embedding,Wine Data,13,1,16,0,TRUE,FALSE,1,FALSE,0,TRUE,FALSE,FALSE,0,FALSE,FALSE,FALSE,3/2/25 16:54
449,Amplitude Embedding,Wine Data,13,1,16,1,TRUE,FALSE,1,FALSE,0,TRUE,FALSE,FALSE,0,FALSE,FALSE,FALSE,3/2/25 16:56
450,Amplitude Embedding,Wine Data,13,0.8181818181818182,16,2,TRUE,FALSE,1,FALSE,0,TRUE,FALSE,FALSE,0,FALSE,FALSE,FALSE,3/2/25 16:57
451,Amplitude Embedding,Wine Data,13,1,16,3,TRUE,FALSE,1,FALSE,0,TRUE,FALSE,FALSE,0,FALSE,FALSE,FALSE,3/2/25 16:59
452,Amplitude Embedding,Wine Data,13,0.9090909090909091,16,4,TRUE,FALSE,1,FALSE,0,TRUE,FALSE,FALSE,0,FALSE,FALSE,FALSE,3/2/25 17:00
453,Amplitude Embedding,Wine Data,13,1,16,5,TRUE,FALSE,1,FALSE,0,TRUE,FALSE,FALSE,0,FALSE,FALSE,FALSE,3/2/25 17:02
454,Amplitude Embedding,Wine Data,13,0.9090909090909091,16,6,TRUE,FALSE,1,FALSE,0,TRUE,FALSE,FALSE,0,FALSE,FALSE,FALSE,3/2/25 17:03
455,Amplitude Embedding,Wine Data,13,1,16,7,TRUE,FALSE,1,FALSE,0,TRUE,FALSE,FALSE,0,FALSE,FALSE,FALSE,3/2/25 17:05
456,Amplitude Embedding,Wine Data,13,1,16,8,TRUE,FALSE,1,FALSE,0,TRUE,FALSE,FALSE,0,FALSE,FALSE,FALSE,3/2/25 17:06
457,Amplitude Embedding,Wine Data,13,0.9090909090909091,16,9,TRUE,FALSE,1,FALSE,0,TRUE,FALSE,FALSE,0,FALSE,FALSE,FALSE,3/2/25 17:07
458,Amplitude Embedding,Wine Data,13,1,16,10,TRUE,FALSE,1,FALSE,0,TRUE,FALSE,FALSE,0,FALSE,FALSE,FALSE,3/2/25 17:09
459,Amplitude Embedding,Wine Data,13,0.9090909090909091,16,11,TRUE,FALSE,1,FALSE,0,TRUE,FALSE,FALSE,0,FALSE,FALSE,FALSE,3/2/25 17:10
460,Amplitude Embedding,Wine Data,13,1,16,12,TRUE,FALSE,1,FALSE,0,TRUE,FALSE,FALSE,0,FALSE,FALSE,FALSE,3/2/25 17:12
461,Amplitude Embedding,Wine Data,13,1,16,13,TRUE,FALSE,1,FALSE,0,TRUE,FALSE,FALSE,0,FALSE,FALSE,FALSE,3/2/25 17:13
462,Amplitude Embedding,Wine Data,13,0.9090909090909091,16,14,TRUE,FALSE,1,FALSE,0,TRUE,FALSE,FALSE,0,FALSE,FALSE,FALSE,3/2/25 17:14
463,Amplitude Embedding,Wine Data,13,1,16,15,TRUE,FALSE,1,FALSE,0,TRUE,FALSE,FALSE,0,FALSE,FALSE,FALSE,3/2/25 17:16
464,Amplitude Embedding,Wine Data,13,1,16,0,TRUE,FALSE,1,FALSE,0,FALSE,TRUE,FALSE,0,FALSE,FALSE,FALSE,3/2/25 17:17
465,Amplitude Embedding,Wine Data,13,1,16,1,TRUE,FALSE,1,FALSE,0,FALSE,TRUE,FALSE,0,FALSE,FALSE,FALSE,3/2/25 17:18
466,Amplitude Embedding,Wine Data,13,0.8181818181818182,16,2,TRUE,FALSE,1,FALSE,0,FALSE,TRUE,FALSE,0,FALSE,FALSE,FALSE,3/2/25 17:20
467,Amplitude Embedding,Wine Data,13,1,16,3,TRUE,FALSE,1,FALSE,0,FALSE,TRUE,FALSE,0,FALSE,FALSE,FALSE,3/2/25 17:21
468,Amplitude Embedding,Wine Data,13,0.9090909090909091,16,4,TRUE,FALSE,1,FALSE,0,FALSE,TRUE,FALSE,0,FALSE,FALSE,FALSE,3/2/25 17:23
469,Amplitude Embedding,Wine Data,13,1,16,5,TRUE,FALSE,1,FALSE,0,FALSE,TRUE,FALSE,0,FALSE,FALSE,FALSE,3/2/25 17:24
470,Amplitude Embedding,Wine Data,13,0.9090909090909091,16,6,TRUE,FALSE,1,FALSE,0,FALSE,TRUE,FALSE,0,FALSE,FALSE,FALSE,3/2/25 17:25
471,Amplitude Embedding,Wine Data,13,1,16,7,TRUE,FALSE,1,FALSE,0,FALSE,TRUE,FALSE,0,FALSE,FALSE,FALSE,3/2/25 17:27
472,Amplitude Embedding,Wine Data,13,1,16,8,TRUE,FALSE,1,FALSE,0,FALSE,TRUE,FALSE,0,FALSE,FALSE,FALSE,3/2/25 17:28
473,Amplitude Embedding,Wine Data,13,0.9090909090909091,16,9,TRUE,FALSE,1,FALSE,0,FALSE,TRUE,FALSE,0,FALSE,FALSE,FALSE,3/2/25 17:29
474,Amplitude Embedding,Wine Data,13,1,16,10,TRUE,FALSE,1,FALSE,0,FALSE,TRUE,FALSE,0,FALSE,FALSE,FALSE,3/2/25 17:31
475,Amplitude Embedding,Wine Data,13,0.9090909090909091,16,11,TRUE,FALSE,1,FALSE,0,FALSE,TRUE,FALSE,0,FALSE,FALSE,FALSE,3/2/25 17:32
476,Amplitude Embedding,Wine Data,13,1,16,12,TRUE,FALSE,1,FALSE,0,FALSE,TRUE,FALSE,0,FALSE,FALSE,FALSE,3/2/25 17:33
477,Amplitude Embedding,Wine Data,13,1,16,13,TRUE,FALSE,1,FALSE,0,FALSE,TRUE,FALSE,0,FALSE,FALSE,FALSE,3/2/25 17:35
478,Amplitude Embedding,Wine Data,13,0.9090909090909091,16,14,TRUE,FALSE,1,FALSE,0,FALSE,TRUE,FALSE,0,FALSE,FALSE,FALSE,3/2/25 17:36
479,Amplitude Embedding,Wine Data,13,1,16,15,TRUE,FALSE,1,FALSE,0,FALSE,TRUE,FALSE,0,FALSE,FALSE,FALSE,3/2/25 17:37
480,Amplitude Embedding,Wine Data,13,1,16,0,TRUE,FALSE,1,FALSE,0,FALSE,FALSE,TRUE,0.1,FALSE,FALSE,FALSE,3/2/25 17:39
481,Amplitude Embedding,Wine Data,13,1,16,1,TRUE,FALSE,1,FALSE,0,FALSE,FALSE,TRUE,0.1,FALSE,FALSE,FALSE,3/2/25 17:40
482,Amplitude Embedding,Wine Data,13,0.7272727272727273,16,2,TRUE,FALSE,1,FALSE,0,FALSE,FALSE,TRUE,0.1,FALSE,FALSE,FALSE,3/2/25 17:41
483,Amplitude Embedding,Wine Data,13,0.9090909090909091,16,3,TRUE,FALSE,1,FALSE,0,FALSE,FALSE,TRUE,0.1,FALSE,FALSE,FALSE,3/2/25 17:43
484,Amplitude Embedding,Wine Data,13,0.9090909090909091,16,4,TRUE,FALSE,1,FALSE,0,FALSE,FALSE,TRUE,0.1,FALSE,FALSE,FALSE,3/2/25 17:44
485,Amplitude Embedding,Wine Data,13,0.9090909090909091,16,5,TRUE,FALSE,1,FALSE,0,FALSE,FALSE,TRUE,0.1,FALSE,FALSE,FALSE,3/2/25 17:45
486,Amplitude Embedding,Wine Data,13,0.8181818181818182,16,6,TRUE,FALSE,1,FALSE,0,FALSE,FALSE,TRUE,0.1,FALSE,FALSE,FALSE,3/2/25 17:47
487,Amplitude Embedding,Wine Data,13,1,16,7,TRUE,FALSE,1,FALSE,0,FALSE,FALSE,TRUE,0.1,FALSE,FALSE,FALSE,3/2/25 17:48
488,Amplitude Embedding,Wine Data,13,1,16,8,TRUE,FALSE,1,FALSE,0,FALSE,FALSE,TRUE,0.1,FALSE,FALSE,FALSE,3/2/25 17:49
489,Amplitude Embedding,Wine Data,13,0.9090909090909091,16,9,TRUE,FALSE,1,FALSE,0,FALSE,FALSE,TRUE,0.1,FALSE,FALSE,FALSE,3/2/25 17:51
490,Amplitude Embedding,Wine Data,13,1,16,10,TRUE,FALSE,1,FALSE,0,FALSE,FALSE,TRUE,0.1,FALSE,FALSE,FALSE,3/2/25 17:52
491,Amplitude Embedding,Wine Data,13,1,16,11,TRUE,FALSE,1,FALSE,0,FALSE,FALSE,TRUE,0.1,FALSE,FALSE,FALSE,3/2/25 17:53
492,Amplitude Embedding,Wine Data,13,1,16,12,TRUE,FALSE,1,FALSE,0,FALSE,FALSE,TRUE,0.1,FALSE,FALSE,FALSE,3/2/25 17:54
493,Amplitude Embedding,Wine Data,13,1,16,13,TRUE,FALSE,1,FALSE,0,FALSE,FALSE,TRUE,0.1,FALSE,FALSE,FALSE,3/2/25 17:56
494,Amplitude Embedding,Wine Data,13,0.9090909090909091,16,14,TRUE,FALSE,1,FALSE,0,FALSE,FALSE,TRUE,0.1,FALSE,FALSE,FALSE,3/2/25 17:57
495,Amplitude Embedding,Wine Data,13,1,16,15,TRUE,FALSE,1,FALSE,0,FALSE,FALSE,TRUE,0.1,FALSE,FALSE,FALSE,3/2/25 17:58
496,Amplitude Embedding,Wine Data,13,1,16,0,TRUE,FALSE,1,FALSE,0,FALSE,FALSE,TRUE,0.1,FALSE,FALSE,FALSE,3/2/25 18:00
497,Amplitude Embedding,Wine Data,13,1,16,1,TRUE,FALSE,1,FALSE,0,FALSE,FALSE,TRUE,0.1,FALSE,FALSE,FALSE,3/2/25 18:01
498,Amplitude Embedding,Wine Data,13,0.7272727272727273,16,2,TRUE,FALSE,1,FALSE,0,FALSE,FALSE,TRUE,0.1,FALSE,FALSE,FALSE,3/2/25 18:02
499,Amplitude Embedding,Wine Data,13,0.9090909090909091,16,3,TRUE,FALSE,1,FALSE,0,FALSE,FALSE,TRUE,0.1,FALSE,FALSE,FALSE,3/2/25 18:04
500,Amplitude Embedding,Wine Data,13,0.9090909090909091,16,4,TRUE,FALSE,1,FALSE,0,FALSE,FALSE,TRUE,0.1,FALSE,FALSE,FALSE,3/2/25 18:05
501,Amplitude Embedding,Wine Data,13,0.9090909090909091,16,5,TRUE,FALSE,1,FALSE,0,FALSE,FALSE,TRUE,0.1,FALSE,FALSE,FALSE,3/2/25 18:06
502,Amplitude Embedding,Wine Data,13,0.8181818181818182,16,6,TRUE,FALSE,1,FALSE,0,FALSE,FALSE,TRUE,0.1,FALSE,FALSE,FALSE,3/2/25 18:08
503,Amplitude Embedding,Wine Data,13,1,16,7,TRUE,FALSE,1,FALSE,0,FALSE,FALSE,TRUE,0.1,FALSE,FALSE,FALSE,3/2/25 18:09
504,Amplitude Embedding,Wine Data,13,1,16,8,TRUE,FALSE,1,FALSE,0,FALSE,FALSE,TRUE,0.1,FALSE,FALSE,FALSE,3/2/25 18:10
505,Amplitude Embedding,Wine Data,13,0.9090909090909091,16,9,TRUE,FALSE,1,FALSE,0,FALSE,FALSE,TRUE,0.1,FALSE,FALSE,FALSE,3/2/25 18:12
506,Amplitude Embedding,Wine Data,13,1,16,10,TRUE,FALSE,1,FALSE,0,FALSE,FALSE,TRUE,0.1,FALSE,FALSE,FALSE,3/2/25 18:13
507,Amplitude Embedding,Wine Data,13,1,16,11,TRUE,FALSE,1,FALSE,0,FALSE,FALSE,TRUE,0.1,FALSE,FALSE,FALSE,3/2/25 18:15
508,Amplitude Embedding,Wine Data,13,1,16,12,TRUE,FALSE,1,FALSE,0,FALSE,FALSE,TRUE,0.1,FALSE,FALSE,FALSE,3/2/25 18:16
509,Amplitude Embedding,Wine Data,13,1,16,13,TRUE,FALSE,1,FALSE,0,FALSE,FALSE,TRUE,0.1,FALSE,FALSE,FALSE,3/2/25 18:18
510,Amplitude Embedding,Wine Data,13,0.9090909090909091,16,14,TRUE,FALSE,1,FALSE,0,FALSE,FALSE,TRUE,0.1,FALSE,FALSE,FALSE,3/2/25 18:19
511,Amplitude Embedding,Wine Data,13,1,16,15,TRUE,FALSE,1,FALSE,0,FALSE,FALSE,TRUE,0.1,FALSE,FALSE,FALSE,3/2/25 18:20
512,Amplitude Embedding,Wine Data,13,1,16,0,TRUE,FALSE,1,FALSE,0,FALSE,FALSE,TRUE,0.1,FALSE,FALSE,FALSE,3/2/25 18:22
513,Amplitude Embedding,Wine Data,13,1,16,1,TRUE,FALSE,1,FALSE,0,FALSE,FALSE,TRUE,0.1,FALSE,FALSE,FALSE,3/2/25 18:23
514,Amplitude Embedding,Wine Data,13,0.7272727272727273,16,2,TRUE,FALSE,1,FALSE,0,FALSE,FALSE,TRUE,0.1,FALSE,FALSE,FALSE,3/2/25 18:25
515,Amplitude Embedding,Wine Data,13,0.9090909090909091,16,3,TRUE,FALSE,1,FALSE,0,FALSE,FALSE,TRUE,0.1,FALSE,FALSE,FALSE,3/2/25 18:26
516,Amplitude Embedding,Wine Data,13,0.9090909090909091,16,4,TRUE,FALSE,1,FALSE,0,FALSE,FALSE,TRUE,0.1,FALSE,FALSE,FALSE,3/2/25 18:27
517,Amplitude Embedding,Wine Data,13,0.9090909090909091,16,5,TRUE,FALSE,1,FALSE,0,FALSE,FALSE,TRUE,0.1,FALSE,FALSE,FALSE,3/2/25 18:28
518,Amplitude Embedding,Wine Data,13,0.8181818181818182,16,6,TRUE,FALSE,1,FALSE,0,FALSE,FALSE,TRUE,0.1,FALSE,FALSE,FALSE,3/2/25 18:30
519,Amplitude Embedding,Wine Data,13,1,16,7,TRUE,FALSE,1,FALSE,0,FALSE,FALSE,TRUE,0.1,FALSE,FALSE,FALSE,3/2/25 18:31
520,Amplitude Embedding,Wine Data,13,1,16,8,TRUE,FALSE,1,FALSE,0,FALSE,FALSE,TRUE,0.1,FALSE,FALSE,FALSE,3/2/25 18:32
521,Amplitude Embedding,Wine Data,13,0.9090909090909091,16,9,TRUE,FALSE,1,FALSE,0,FALSE,FALSE,TRUE,0.1,FALSE,FALSE,FALSE,3/2/25 18:33
522,Amplitude Embedding,Wine Data,13,1,16,10,TRUE,FALSE,1,FALSE,0,FALSE,FALSE,TRUE,0.1,FALSE,FALSE,FALSE,3/2/25 18:35
523,Amplitude Embedding,Wine Data,13,1,16,11,TRUE,FALSE,1,FALSE,0,FALSE,FALSE,TRUE,0.1,FALSE,FALSE,FALSE,3/2/25 18:36
524,Amplitude Embedding,Wine Data,13,1,16,12,TRUE,FALSE,1,FALSE,0,FALSE,FALSE,TRUE,0.1,FALSE,FALSE,FALSE,3/2/25 18:37
525,Amplitude Embedding,Wine Data,13,1,16,13,TRUE,FALSE,1,FALSE,0,FALSE,FALSE,TRUE,0.1,FALSE,FALSE,FALSE,3/2/25 18:39
526,Amplitude Embedding,Wine Data,13,0.9090909090909091,16,14,TRUE,FALSE,1,FALSE,0,FALSE,FALSE,TRUE,0.1,FALSE,FALSE,FALSE,3/2/25 18:40
527,Amplitude Embedding,Wine Data,13,1,16,15,TRUE,FALSE,1,FALSE,0,FALSE,FALSE,TRUE,0.1,FALSE,FALSE,FALSE,3/2/25 18:41
528,Amplitude Embedding,Wine Data,13,1,16,0,TRUE,FALSE,1,FALSE,0,FALSE,FALSE,TRUE,0.1,FALSE,FALSE,FALSE,3/2/25 18:42
529,Amplitude Embedding,Wine Data,13,1,16,1,TRUE,FALSE,1,FALSE,0,FALSE,FALSE,TRUE,0.1,FALSE,FALSE,FALSE,3/2/25 18:44
530,Amplitude Embedding,Wine Data,13,0.7272727272727273,16,2,TRUE,FALSE,1,FALSE,0,FALSE,FALSE,TRUE,0.1,FALSE,FALSE,FALSE,3/2/25 18:45
531,Amplitude Embedding,Wine Data,13,0.9090909090909091,16,3,TRUE,FALSE,1,FALSE,0,FALSE,FALSE,TRUE,0.1,FALSE,FALSE,FALSE,3/2/25 18:46
532,Amplitude Embedding,Wine Data,13,0.9090909090909091,16,4,TRUE,FALSE,1,FALSE,0,FALSE,FALSE,TRUE,0.1,FALSE,FALSE,FALSE,3/2/25 18:48
533,Amplitude Embedding,Wine Data,13,0.9090909090909091,16,5,TRUE,FALSE,1,FALSE,0,FALSE,FALSE,TRUE,0.1,FALSE,FALSE,FALSE,3/2/25 18:49
534,Amplitude Embedding,Wine Data,13,0.8181818181818182,16,6,TRUE,FALSE,1,FALSE,0,FALSE,FALSE,TRUE,0.1,FALSE,FALSE,FALSE,3/2/25 18:50
535,Amplitude Embedding,Wine Data,13,1,16,7,TRUE,FALSE,1,FALSE,0,FALSE,FALSE,TRUE,0.1,FALSE,FALSE,FALSE,3/2/25 18:51
536,Amplitude Embedding,Wine Data,13,1,16,8,TRUE,FALSE,1,FALSE,0,FALSE,FALSE,TRUE,0.1,FALSE,FALSE,FALSE,3/2/25 18:53
537,Amplitude Embedding,Wine Data,13,0.9090909090909091,16,9,TRUE,FALSE,1,FALSE,0,FALSE,FALSE,TRUE,0.1,FALSE,FALSE,FALSE,3/2/25 18:55
538,Amplitude Embedding,Wine Data,13,1,16,10,TRUE,FALSE,1,FALSE,0,FALSE,FALSE,TRUE,0.1,FALSE,FALSE,FALSE,3/2/25 18:56
539,Amplitude Embedding,Wine Data,13,1,16,11,TRUE,FALSE,1,FALSE,0,FALSE,FALSE,TRUE,0.1,FALSE,FALSE,FALSE,3/2/25 18:57
540,Amplitude Embedding,Wine Data,13,1,16,12,TRUE,FALSE,1,FALSE,0,FALSE,FALSE,TRUE,0.1,FALSE,FALSE,FALSE,3/2/25 18:59
541,Amplitude Embedding,Wine Data,13,1,16,13,TRUE,FALSE,1,FALSE,0,FALSE,FALSE,TRUE,0.1,FALSE,FALSE,FALSE,3/2/25 19:00
542,Amplitude Embedding,Wine Data,13,0.9090909090909091,16,14,TRUE,FALSE,1,FALSE,0,FALSE,FALSE,TRUE,0.1,FALSE,FALSE,FALSE,3/2/25 19:01
543,Amplitude Embedding,Wine Data,13,1,16,15,TRUE,FALSE,1,FALSE,0,FALSE,FALSE,TRUE,0.1,FALSE,FALSE,FALSE,3/2/25 19:02
544,Amplitude Embedding,Wine Data,13,1,16,0,TRUE,FALSE,1,FALSE,0,FALSE,FALSE,TRUE,0.1,FALSE,FALSE,FALSE,3/2/25 19:04
545,Amplitude Embedding,Wine Data,13,1,16,1,TRUE,FALSE,1,FALSE,0,FALSE,FALSE,TRUE,0.1,FALSE,FALSE,FALSE,3/2/25 19:05
546,Amplitude Embedding,Wine Data,13,0.7272727272727273,16,2,TRUE,FALSE,1,FALSE,0,FALSE,FALSE,TRUE,0.1,FALSE,FALSE,FALSE,3/2/25 19:06
547,Amplitude Embedding,Wine Data,13,0.9090909090909091,16,3,TRUE,FALSE,1,FALSE,0,FALSE,FALSE,TRUE,0.1,FALSE,FALSE,FALSE,3/2/25 19:07
548,Amplitude Embedding,Wine Data,13,0.9090909090909091,16,4,TRUE,FALSE,1,FALSE,0,FALSE,FALSE,TRUE,0.1,FALSE,FALSE,FALSE,3/2/25 19:09
549,Amplitude Embedding,Wine Data,13,0.9090909090909091,16,5,TRUE,FALSE,1,FALSE,0,FALSE,FALSE,TRUE,0.1,FALSE,FALSE,FALSE,3/2/25 19:10
550,Amplitude Embedding,Wine Data,13,0.8181818181818182,16,6,TRUE,FALSE,1,FALSE,0,FALSE,FALSE,TRUE,0.1,FALSE,FALSE,FALSE,3/2/25 19:11
551,Amplitude Embedding,Wine Data,13,1,16,7,TRUE,FALSE,1,FALSE,0,FALSE,FALSE,TRUE,0.1,FALSE,FALSE,FALSE,3/2/25 19:12
552,Amplitude Embedding,Wine Data,13,1,16,8,TRUE,FALSE,1,FALSE,0,FALSE,FALSE,TRUE,0.1,FALSE,FALSE,FALSE,3/2/25 19:14
553,Amplitude Embedding,Wine Data,13,0.9090909090909091,16,9,TRUE,FALSE,1,FALSE,0,FALSE,FALSE,TRUE,0.1,FALSE,FALSE,FALSE,3/2/25 19:15
554,Amplitude Embedding,Wine Data,13,1,16,10,TRUE,FALSE,1,FALSE,0,FALSE,FALSE,TRUE,0.1,FALSE,FALSE,FALSE,3/2/25 19:16
555,Amplitude Embedding,Wine Data,13,1,16,11,TRUE,FALSE,1,FALSE,0,FALSE,FALSE,TRUE,0.1,FALSE,FALSE,FALSE,3/2/25 19:18
556,Amplitude Embedding,Wine Data,13,1,16,12,TRUE,FALSE,1,FALSE,0,FALSE,FALSE,TRUE,0.1,FALSE,FALSE,FALSE,3/2/25 19:19
557,Amplitude Embedding,Wine Data,13,1,16,13,TRUE,FALSE,1,FALSE,0,FALSE,FALSE,TRUE,0.1,FALSE,FALSE,FALSE,3/2/25 19:20
558,Amplitude Embedding,Wine Data,13,0.9090909090909091,16,14,TRUE,FALSE,1,FALSE,0,FALSE,FALSE,TRUE,0.1,FALSE,FALSE,FALSE,3/2/25 19:21
559,Amplitude Embedding,Wine Data,13,1,16,15,TRUE,FALSE,1,FALSE,0,FALSE,FALSE,TRUE,0.1,FALSE,FALSE,FALSE,3/2/25 19:23
560,Amplitude Embedding,Wine Data,13,1,16,0,TRUE,FALSE,1,FALSE,0,FALSE,FALSE,TRUE,0.1,FALSE,FALSE,FALSE,3/2/25 19:24
561,Amplitude Embedding,Wine Data,13,1,16,1,TRUE,FALSE,1,FALSE,0,FALSE,FALSE,TRUE,0.1,FALSE,FALSE,FALSE,3/2/25 19:25
562,Amplitude Embedding,Wine Data,13,0.7272727272727273,16,2,TRUE,FALSE,1,FALSE,0,FALSE,FALSE,TRUE,0.1,FALSE,FALSE,FALSE,3/2/25 19:27
563,Amplitude Embedding,Wine Data,13,0.9090909090909091,16,3,TRUE,FALSE,1,FALSE,0,FALSE,FALSE,TRUE,0.1,FALSE,FALSE,FALSE,3/2/25 19:28
564,Amplitude Embedding,Wine Data,13,0.9090909090909091,16,4,TRUE,FALSE,1,FALSE,0,FALSE,FALSE,TRUE,0.1,FALSE,FALSE,FALSE,3/2/25 19:29
565,Amplitude Embedding,Wine Data,13,0.9090909090909091,16,5,TRUE,FALSE,1,FALSE,0,FALSE,FALSE,TRUE,0.1,FALSE,FALSE,FALSE,3/2/25 19:30
566,Amplitude Embedding,Wine Data,13,0.8181818181818182,16,6,TRUE,FALSE,1,FALSE,0,FALSE,FALSE,TRUE,0.1,FALSE,FALSE,FALSE,3/2/25 19:32
567,Amplitude Embedding,Wine Data,13,1,16,7,TRUE,FALSE,1,FALSE,0,FALSE,FALSE,TRUE,0.1,FALSE,FALSE,FALSE,3/2/25 19:33
568,Amplitude Embedding,Wine Data,13,1,16,8,TRUE,FALSE,1,FALSE,0,FALSE,FALSE,TRUE,0.1,FALSE,FALSE,FALSE,3/2/25 19:34
569,Amplitude Embedding,Wine Data,13,0.9090909090909091,16,9,TRUE,FALSE,1,FALSE,0,FALSE,FALSE,TRUE,0.1,FALSE,FALSE,FALSE,3/2/25 19:35
570,Amplitude Embedding,Wine Data,13,1,16,10,TRUE,FALSE,1,FALSE,0,FALSE,FALSE,TRUE,0.1,FALSE,FALSE,FALSE,3/2/25 19:37
571,Amplitude Embedding,Wine Data,13,1,16,11,TRUE,FALSE,1,FALSE,0,FALSE,FALSE,TRUE,0.1,FALSE,FALSE,FALSE,3/2/25 19:38
572,Amplitude Embedding,Wine Data,13,1,16,12,TRUE,FALSE,1,FALSE,0,FALSE,FALSE,TRUE,0.1,FALSE,FALSE,FALSE,3/2/25 19:39
573,Amplitude Embedding,Wine Data,13,1,16,13,TRUE,FALSE,1,FALSE,0,FALSE,FALSE,TRUE,0.1,FALSE,FALSE,FALSE,3/2/25 19:40
574,Amplitude Embedding,Wine Data,13,0.9090909090909091,16,14,TRUE,FALSE,1,FALSE,0,FALSE,FALSE,TRUE,0.1,FALSE,FALSE,FALSE,3/2/25 19:42
575,Amplitude Embedding,Wine Data,13,1,16,15,TRUE,FALSE,1,FALSE,0,FALSE,FALSE,TRUE,0.1,FALSE,FALSE,FALSE,3/2/25 19:43
576,Amplitude Embedding,Wine Data,13,1,16,0,TRUE,FALSE,1,FALSE,0,FALSE,FALSE,TRUE,0.1,FALSE,FALSE,FALSE,3/2/25 19:44
577,Amplitude Embedding,Wine Data,13,1,16,1,TRUE,FALSE,1,FALSE,0,FALSE,FALSE,TRUE,0.1,FALSE,FALSE,FALSE,3/2/25 19:45
578,Amplitude Embedding,Wine Data,13,0.7272727272727273,16,2,TRUE,FALSE,1,FALSE,0,FALSE,FALSE,TRUE,0.1,FALSE,FALSE,FALSE,3/2/25 19:47
579,Amplitude Embedding,Wine Data,13,0.9090909090909091,16,3,TRUE,FALSE,1,FALSE,0,FALSE,FALSE,TRUE,0.1,FALSE,FALSE,FALSE,3/2/25 19:48
580,Amplitude Embedding,Wine Data,13,0.9090909090909091,16,4,TRUE,FALSE,1,FALSE,0,FALSE,FALSE,TRUE,0.1,FALSE,FALSE,FALSE,3/2/25 19:49
581,Amplitude Embedding,Wine Data,13,0.9090909090909091,16,5,TRUE,FALSE,1,FALSE,0,FALSE,FALSE,TRUE,0.1,FALSE,FALSE,FALSE,3/2/25 19:50
582,Amplitude Embedding,Wine Data,13,0.8181818181818182,16,6,TRUE,FALSE,1,FALSE,0,FALSE,FALSE,TRUE,0.1,FALSE,FALSE,FALSE,3/2/25 19:52
583,Amplitude Embedding,Wine Data,13,1,16,7,TRUE,FALSE,1,FALSE,0,FALSE,FALSE,TRUE,0.1,FALSE,FALSE,FALSE,3/2/25 19:53
584,Amplitude Embedding,Wine Data,13,1,16,8,TRUE,FALSE,1,FALSE,0,FALSE,FALSE,TRUE,0.1,FALSE,FALSE,FALSE,3/2/25 19:54
585,Amplitude Embedding,Wine Data,13,0.9090909090909091,16,9,TRUE,FALSE,1,FALSE,0,FALSE,FALSE,TRUE,0.1,FALSE,FALSE,FALSE,3/2/25 19:55
586,Amplitude Embedding,Wine Data,13,1,16,10,TRUE,FALSE,1,FALSE,0,FALSE,FALSE,TRUE,0.1,FALSE,FALSE,FALSE,3/2/25 19:57
587,Amplitude Embedding,Wine Data,13,1,16,11,TRUE,FALSE,1,FALSE,0,FALSE,FALSE,TRUE,0.1,FALSE,FALSE,FALSE,3/2/25 19:58
588,Amplitude Embedding,Wine Data,13,1,16,12,TRUE,FALSE,1,FALSE,0,FALSE,FALSE,TRUE,0.1,FALSE,FALSE,FALSE,3/2/25 19:59
589,Amplitude Embedding,Wine Data,13,1,16,13,TRUE,FALSE,1,FALSE,0,FALSE,FALSE,TRUE,0.1,FALSE,FALSE,FALSE,3/2/25 20:01
590,Amplitude Embedding,Wine Data,13,0.9090909090909091,16,14,TRUE,FALSE,1,FALSE,0,FALSE,FALSE,TRUE,0.1,FALSE,FALSE,FALSE,3/2/25 20:02
591,Amplitude Embedding,Wine Data,13,1,16,15,TRUE,FALSE,1,FALSE,0,FALSE,FALSE,TRUE,0.1,FALSE,FALSE,FALSE,3/2/25 20:03
592,Amplitude Embedding,Wine Data,13,1,16,0,TRUE,FALSE,1,FALSE,0,FALSE,FALSE,TRUE,0.1,FALSE,FALSE,FALSE,3/2/25 20:04
593,Amplitude Embedding,Wine Data,13,1,16,1,TRUE,FALSE,1,FALSE,0,FALSE,FALSE,TRUE,0.1,FALSE,FALSE,FALSE,3/2/25 20:06
594,Amplitude Embedding,Wine Data,13,0.7272727272727273,16,2,TRUE,FALSE,1,FALSE,0,FALSE,FALSE,TRUE,0.1,FALSE,FALSE,FALSE,3/2/25 20:07
595,Amplitude Embedding,Wine Data,13,0.9090909090909091,16,3,TRUE,FALSE,1,FALSE,0,FALSE,FALSE,TRUE,0.1,FALSE,FALSE,FALSE,3/2/25 20:08
596,Amplitude Embedding,Wine Data,13,0.9090909090909091,16,4,TRUE,FALSE,1,FALSE,0,FALSE,FALSE,TRUE,0.1,FALSE,FALSE,FALSE,3/2/25 20:09
597,Amplitude Embedding,Wine Data,13,0.9090909090909091,16,5,TRUE,FALSE,1,FALSE,0,FALSE,FALSE,TRUE,0.1,FALSE,FALSE,FALSE,3/2/25 20:11
598,Amplitude Embedding,Wine Data,13,0.8181818181818182,16,6,TRUE,FALSE,1,FALSE,0,FALSE,FALSE,TRUE,0.1,FALSE,FALSE,FALSE,3/2/25 20:12
599,Amplitude Embedding,Wine Data,13,1,16,7,TRUE,FALSE,1,FALSE,0,FALSE,FALSE,TRUE,0.1,FALSE,FALSE,FALSE,3/2/25 20:13
600,Amplitude Embedding,Wine Data,13,1,16,8,TRUE,FALSE,1,FALSE,0,FALSE,FALSE,TRUE,0.1,FALSE,FALSE,FALSE,3/2/25 20:15
601,Amplitude Embedding,Wine Data,13,0.9090909090909091,16,9,TRUE,FALSE,1,FALSE,0,FALSE,FALSE,TRUE,0.1,FALSE,FALSE,FALSE,3/2/25 20:16
602,Amplitude Embedding,Wine Data,13,1,16,10,TRUE,FALSE,1,FALSE,0,FALSE,FALSE,TRUE,0.1,FALSE,FALSE,FALSE,3/2/25 20:17
603,Amplitude Embedding,Wine Data,13,1,16,11,TRUE,FALSE,1,FALSE,0,FALSE,FALSE,TRUE,0.1,FALSE,FALSE,FALSE,3/2/25 20:18
604,Amplitude Embedding,Wine Data,13,1,16,12,TRUE,FALSE,1,FALSE,0,FALSE,FALSE,TRUE,0.1,FALSE,FALSE,FALSE,3/2/25 20:20
605,Amplitude Embedding,Wine Data,13,1,16,13,TRUE,FALSE,1,FALSE,0,FALSE,FALSE,TRUE,0.1,FALSE,FALSE,FALSE,3/2/25 20:21
606,Amplitude Embedding,Wine Data,13,0.9090909090909091,16,14,TRUE,FALSE,1,FALSE,0,FALSE,FALSE,TRUE,0.1,FALSE,FALSE,FALSE,3/2/25 20:22
607,Amplitude Embedding,Wine Data,13,1,16,15,TRUE,FALSE,1,FALSE,0,FALSE,FALSE,TRUE,0.1,FALSE,FALSE,FALSE,3/2/25 20:23
608,Amplitude Embedding,Wine Data,13,1,16,0,TRUE,FALSE,1,FALSE,0,FALSE,FALSE,TRUE,0.1,FALSE,FALSE,FALSE,3/2/25 20:24
609,Amplitude Embedding,Wine Data,13,1,16,1,TRUE,FALSE,1,FALSE,0,FALSE,FALSE,TRUE,0.1,FALSE,FALSE,FALSE,3/2/25 20:26
610,Amplitude Embedding,Wine Data,13,0.7272727272727273,16,2,TRUE,FALSE,1,FALSE,0,FALSE,FALSE,TRUE,0.1,FALSE,FALSE,FALSE,3/2/25 20:27
611,Amplitude Embedding,Wine Data,13,0.9090909090909091,16,3,TRUE,FALSE,1,FALSE,0,FALSE,FALSE,TRUE,0.1,FALSE,FALSE,FALSE,3/2/25 20:28
612,Amplitude Embedding,Wine Data,13,0.9090909090909091,16,4,TRUE,FALSE,1,FALSE,0,FALSE,FALSE,TRUE,0.1,FALSE,FALSE,FALSE,3/2/25 20:29
613,Amplitude Embedding,Wine Data,13,0.9090909090909091,16,5,TRUE,FALSE,1,FALSE,0,FALSE,FALSE,TRUE,0.1,FALSE,FALSE,FALSE,3/2/25 20:31
614,Amplitude Embedding,Wine Data,13,0.8181818181818182,16,6,TRUE,FALSE,1,FALSE,0,FALSE,FALSE,TRUE,0.1,FALSE,FALSE,FALSE,3/2/25 20:32
615,Amplitude Embedding,Wine Data,13,1,16,7,TRUE,FALSE,1,FALSE,0,FALSE,FALSE,TRUE,0.1,FALSE,FALSE,FALSE,3/2/25 20:33
616,Amplitude Embedding,Wine Data,13,1,16,8,TRUE,FALSE,1,FALSE,0,FALSE,FALSE,TRUE,0.1,FALSE,FALSE,FALSE,3/2/25 20:34
617,Amplitude Embedding,Wine Data,13,0.9090909090909091,16,9,TRUE,FALSE,1,FALSE,0,FALSE,FALSE,TRUE,0.1,FALSE,FALSE,FALSE,3/2/25 20:36
618,Amplitude Embedding,Wine Data,13,1,16,10,TRUE,FALSE,1,FALSE,0,FALSE,FALSE,TRUE,0.1,FALSE,FALSE,FALSE,3/2/25 20:37
619,Amplitude Embedding,Wine Data,13,1,16,11,TRUE,FALSE,1,FALSE,0,FALSE,FALSE,TRUE,0.1,FALSE,FALSE,FALSE,3/2/25 20:38
620,Amplitude Embedding,Wine Data,13,1,16,12,TRUE,FALSE,1,FALSE,0,FALSE,FALSE,TRUE,0.1,FALSE,FALSE,FALSE,3/2/25 20:39
621,Amplitude Embedding,Wine Data,13,1,16,13,TRUE,FALSE,1,FALSE,0,FALSE,FALSE,TRUE,0.1,FALSE,FALSE,FALSE,3/2/25 20:40
622,Amplitude Embedding,Wine Data,13,0.9090909090909091,16,14,TRUE,FALSE,1,FALSE,0,FALSE,FALSE,TRUE,0.1,FALSE,FALSE,FALSE,3/2/25 20:42
623,Amplitude Embedding,Wine Data,13,1,16,15,TRUE,FALSE,1,FALSE,0,FALSE,FALSE,TRUE,0.1,FALSE,FALSE,FALSE,3/2/25 20:43
624,Amplitude Embedding,Wine Data,13,1,16,0,TRUE,FALSE,1,FALSE,0,FALSE,FALSE,TRUE,0.1,FALSE,FALSE,FALSE,3/2/25 20:44
625,Amplitude Embedding,Wine Data,13,1,16,1,TRUE,FALSE,1,FALSE,0,FALSE,FALSE,TRUE,0.1,FALSE,FALSE,FALSE,3/2/25 20:45
626,Amplitude Embedding,Wine Data,13,0.7272727272727273,16,2,TRUE,FALSE,1,FALSE,0,FALSE,FALSE,TRUE,0.1,FALSE,FALSE,FALSE,3/2/25 20:47
627,Amplitude Embedding,Wine Data,13,0.9090909090909091,16,3,TRUE,FALSE,1,FALSE,0,FALSE,FALSE,TRUE,0.1,FALSE,FALSE,FALSE,3/2/25 20:49
628,Amplitude Embedding,Wine Data,13,0.9090909090909091,16,4,TRUE,FALSE,1,FALSE,0,FALSE,FALSE,TRUE,0.1,FALSE,FALSE,FALSE,3/2/25 20:51
629,Amplitude Embedding,Wine Data,13,0.9090909090909091,16,5,TRUE,FALSE,1,FALSE,0,FALSE,FALSE,TRUE,0.1,FALSE,FALSE,FALSE,3/2/25 20:52
630,Amplitude Embedding,Wine Data,13,0.8181818181818182,16,6,TRUE,FALSE,1,FALSE,0,FALSE,FALSE,TRUE,0.1,FALSE,FALSE,FALSE,3/2/25 20:53
631,Amplitude Embedding,Wine Data,13,1,16,7,TRUE,FALSE,1,FALSE,0,FALSE,FALSE,TRUE,0.1,FALSE,FALSE,FALSE,3/2/25 20:55
632,Amplitude Embedding,Wine Data,13,1,16,8,TRUE,FALSE,1,FALSE,0,FALSE,FALSE,TRUE,0.1,FALSE,FALSE,FALSE,3/2/25 20:56
633,Amplitude Embedding,Wine Data,13,0.9090909090909091,16,9,TRUE,FALSE,1,FALSE,0,FALSE,FALSE,TRUE,0.1,FALSE,FALSE,FALSE,3/2/25 20:57
634,Amplitude Embedding,Wine Data,13,1,16,10,TRUE,FALSE,1,FALSE,0,FALSE,FALSE,TRUE,0.1,FALSE,FALSE,FALSE,3/2/25 20:59
635,Amplitude Embedding,Wine Data,13,1,16,11,TRUE,FALSE,1,FALSE,0,FALSE,FALSE,TRUE,0.1,FALSE,FALSE,FALSE,3/2/25 21:00
636,Amplitude Embedding,Wine Data,13,1,16,12,TRUE,FALSE,1,FALSE,0,FALSE,FALSE,TRUE,0.1,FALSE,FALSE,FALSE,3/2/25 21:01
637,Amplitude Embedding,Wine Data,13,1,16,13,TRUE,FALSE,1,FALSE,0,FALSE,FALSE,TRUE,0.1,FALSE,FALSE,FALSE,3/2/25 21:03
638,Amplitude Embedding,Wine Data,13,0.9090909090909091,16,14,TRUE,FALSE,1,FALSE,0,FALSE,FALSE,TRUE,0.1,FALSE,FALSE,FALSE,3/2/25 21:04
639,Amplitude Embedding,Wine Data,13,1,16,15,TRUE,FALSE,1,FALSE,0,FALSE,FALSE,TRUE,0.1,FALSE,FALSE,FALSE,3/2/25 21:05
640,Angle Embedding,Wine Data,13,1,16,0,FALSE,FALSE,1,FALSE,0,FALSE,FALSE,FALSE,0,FALSE,FALSE,FALSE,3/3/25 5:02
641,Angle Embedding,Wine Data,13,1,16,1,FALSE,FALSE,1,FALSE,0,FALSE,FALSE,FALSE,0,FALSE,FALSE,FALSE,3/3/25 5:03
642,Angle Embedding,Wine Data,13,0.8181818181818182,16,2,FALSE,FALSE,1,FALSE,0,FALSE,FALSE,FALSE,0,FALSE,FALSE,FALSE,3/3/25 5:03
643,Angle Embedding,Wine Data,13,1,16,3,FALSE,FALSE,1,FALSE,0,FALSE,FALSE,FALSE,0,FALSE,FALSE,FALSE,3/3/25 5:04
644,Angle Embedding,Wine Data,13,1,16,4,FALSE,FALSE,1,FALSE,0,FALSE,FALSE,FALSE,0,FALSE,FALSE,FALSE,3/3/25 5:04
645,Angle Embedding,Wine Data,13,1,16,0,FALSE,FALSE,1,FALSE,0,FALSE,FALSE,FALSE,0,FALSE,FALSE,FALSE,3/3/25 5:06
646,Angle Embedding,Wine Data,13,1,16,1,FALSE,FALSE,1,FALSE,0,FALSE,FALSE,FALSE,0,FALSE,FALSE,FALSE,3/3/25 5:07
647,Angle Embedding,Wine Data,13,1,16,0,FALSE,FALSE,1,FALSE,0,FALSE,FALSE,FALSE,0,FALSE,FALSE,FALSE,3/3/25 5:08
648,Angle Embedding,Wine Data,13,1,16,1,FALSE,FALSE,1,FALSE,0,FALSE,FALSE,FALSE,0,FALSE,FALSE,FALSE,3/3/25 5:08
649,Angle Embedding,Wine Data,13,0.8181818181818182,16,2,FALSE,FALSE,1,FALSE,0,FALSE,FALSE,FALSE,0,FALSE,FALSE,FALSE,3/3/25 5:09
650,Angle Embedding,Wine Data,13,1,16,3,FALSE,FALSE,1,FALSE,0,FALSE,FALSE,FALSE,0,FALSE,FALSE,FALSE,3/3/25 5:09
651,Angle Embedding,Wine Data,13,1,16,4,FALSE,FALSE,1,FALSE,0,FALSE,FALSE,FALSE,0,FALSE,FALSE,FALSE,3/3/25 5:10
652,Angle Embedding,Wine Data,13,1,16,5,FALSE,FALSE,1,FALSE,0,FALSE,FALSE,FALSE,0,FALSE,FALSE,FALSE,3/3/25 5:11
653,Angle Embedding,Wine Data,13,0.9090909090909091,16,6,FALSE,FALSE,1,FALSE,0,FALSE,FALSE,FALSE,0,FALSE,FALSE,FALSE,3/3/25 5:11
654,Angle Embedding,Wine Data,13,0.9090909090909091,16,7,FALSE,FALSE,1,FALSE,0,FALSE,FALSE,FALSE,0,FALSE,FALSE,FALSE,3/3/25 5:12
655,Angle Embedding,Wine Data,13,1,16,8,FALSE,FALSE,1,FALSE,0,FALSE,FALSE,FALSE,0,FALSE,FALSE,FALSE,3/3/25 5:12
656,Angle Embedding,Wine Data,13,0.9090909090909091,16,9,FALSE,FALSE,1,FALSE,0,FALSE,FALSE,FALSE,0,FALSE,FALSE,FALSE,3/3/25 5:13
657,Angle Embedding,Wine Data,13,1,16,10,FALSE,FALSE,1,FALSE,0,FALSE,FALSE,FALSE,0,FALSE,FALSE,FALSE,3/3/25 5:13
658,Angle Embedding,Wine Data,13,1,16,11,FALSE,FALSE,1,FALSE,0,FALSE,FALSE,FALSE,0,FALSE,FALSE,FALSE,3/3/25 5:14
659,Angle Embedding,Wine Data,13,1,16,12,FALSE,FALSE,1,FALSE,0,FALSE,FALSE,FALSE,0,FALSE,FALSE,FALSE,3/3/25 5:14
660,Angle Embedding,Wine Data,13,1,16,13,FALSE,FALSE,1,FALSE,0,FALSE,FALSE,FALSE,0,FALSE,FALSE,FALSE,3/3/25 5:15
661,Angle Embedding,Wine Data,13,0.9090909090909091,16,14,FALSE,FALSE,1,FALSE,0,FALSE,FALSE,FALSE,0,FALSE,FALSE,FALSE,3/3/25 5:15
660,Angle Embedding,Wine Data,13,1,16,15,FALSE,FALSE,1,FALSE,0,FALSE,FALSE,FALSE,0,FALSE,FALSE,FALSE,3/3/25 5:15